id,engagement
---AI---,30
--o,31
-Ch4s3-,68
-Foxer,19
-HeisenBird-,10
-ReadingBug-,40
-SOFA-KING-VOTE-,75
-dag-,23
-spicychilli-,20
00Oo0o0OooO0,17
00PT,17
00rb,29
00zau,13
0WatcherintheWater0,23
0fluffythe0ferocious,12
0ldfart,11
0nlyhalfjewish,31
1-objective-opinion,19
101ina45,14
10ebbor10,34
10thAmdAbsolutist,391
11grim,18
123yes1,17
12_0z_curls,45
12bEngie,38
1331_1331,14
1962Michael,36
1964leeb,11
1QAte4,17
1SecularGlobe4All,14
1ameve,14
1ithurtswhenip1,12
2057Champs__,42
2060ASI,10
20_mile,15
21-characters,71
212312383,28
214ObstructedReverie,19
233C,16
2apple-pie2,10
2dogslife,26
303Carpenter,12
33ITM420,30
38159buch,10
3slimesinatrenchcoat,10
3superfrank,38
3xploringforever,20
40WAPSun,15
47ca05e6209a317a8fb3,17
495orange,12
4BasedFrens,15
4art4,29
4bkillah,11
4p4l3p3,28
4rch1t3ct,11
5PeeBeejay5,10
68_hi,18
68plus1equals,19
6a6566663437,11
6data,16
7625607,12
7692205,10
77x88x88x77,13
7thpostman,15
81forest,11
8NaanJeremy,34
8to24,89
90daysismytherapy,23
96suluman,11
ABobby077,11
AM_Bokke,19
ANewBeginningNow,18
AOWLock1,28
AProperFuckingPirate,10
ASpaceOstrich,12
AStealthyPerson,28
ATLEMT,12
AT_Dande,11
ATotalCassegrain,16
AVGJOE78,22
AVeryBadMon,20
AVonGauss,18
AWildReaperAppears,29
A_Duck_Using_Reddit,28
A_Soporific,24
A_Typicalperson,14
A_little_lady,10
Aardwolfington,15
Aazadan,15
AbFab-alicious,14
AberforthSpeck,11
AbjectForm5759,14
Able_Enthusiasm2729,19
Academic_Guitar7372,10
Acceptable-Remove792,20
AcceptablePea262,54
Accidental_Sage,10
Accomplished-Cat3996,11
Accomplished-Park480,11
Accomplished-Plan191,11
AccomplishedBake8351,14
Accomplished_Tour481,29
According-Tea-3014,19
AccordingMedicine129,11
AccountantsNiece,11
Accurate-Neck6933,21
Ace0spades808,21
Acrobatic-Brother232,15
Acrobatic-Narwhal-62,10
Acrobatic_Ad5722,10
Acrobatic_Ear6773,10
ActualDW,11
Actual_Confusion7140,20
AdComprehensive960,18
AdFun5641,19
AdHopeful3801,23
AdImmediate9569,17
AdUpstairs7106,23
Adelucas,12
Adeptobserver1,16
Adequate_Images,25
AdhesivenessCivil581,11
Adiv_Kedar2,31
AdministrativeSet419,10
Admirable-Lecture255,11
Admirable_Ardvark,11
AdmiralDalaa,13
AdmiralSaturyn,68
Adorable-Bobcat-2238,14
Adorable_Ad_3478,27
AdumbroDeus,12
Advanced-Ad6210,21
AdvancedMasterMode,10
Adventurous_Ad7442,14
Aezora,18
Affectionate-War7655,27
AffectionateStudy496,14
Affectionate_Top340,21
After_Lie_807,22
AgentMonkey,10
Aggravating_Lemon631,10
Aggravating_Teach210,12
Aggressica,12
Aggressive-Mix4971,13
Aggressive-Story3671,32
AgileSurprise1966,13
Agile_Menu_9776,10
Agitated-Quit-6148,33
AgitatedBadger,15
Agitated_Elephant469,13
AgitatorsAnonymous,12
AgreeableMagician893,31
Agreeable_Car5114,11
Agreetedboat123,61
Ah_Pook,11
AhsokaSolo,36
AidenFested,12
Al-Rediph,13
AlabasterPelican,11
Alan5953,12
AldousKing,15
AleristheSeeker,48
Alesus2-0,35
Alev233,12
AlexRyang,10
AlexandrTheTolerable,15
AlienReprisal,17
Alien_invader44,14
Alive-Difference3905,11
Alive-Necessary2119,62
Alive_Shoulder3573,80
AlkatrazzPrime,29
AllAFantasy30,12
AllHailTheHypnoTurd,10
Allaboutbird,47
Allenobriann,23
Allydarvel,13
AlphaBetaSigmaNerd,77
Alternative-Cut-7409,10
Alternative-Redditer,39
Alternative-Smile366,10
AlternativeDue1958,32
Alternative_Buy_4000,27
Alternative_End_7174,10
Alternative_Hope6238,10
Alternative_Oil7733,30
Alternative_Pin_7551,66
Alternative_Switch39,22
Altruistic-Berry-31,18
AltruisticCoach9217,16
Altruistwhite,11
AluminiumLlama,21
AlwaysHigh27,17
AmELiAs_OvERcHarGeS,10
AmItheAsshole-ModTeam,33
Amazing_Might_9280,21
Ambitious-Care-9937,13
Ambiwlans,10
AmigoDelDiabla,32
Amoral_Abe,14
AmusingMusing7,20
AnLoingseach,11
Ana_Na_Moose,36
Analyst-Effective,10
Anameillforge,14
Anchuinse,13
AncienTleeOnez,21
Ancient_Confusion237,52
Ancquar,11
And_Justice,51
AndlenaRaines,10
Aneurhythms,20
Angel1571,42
AngryVolcano,30
Angry_Canadian88,13
Angsty-Panda,22
Angylisis,69
AnimatorDifficult429,16
Anna-Politkovskaya,10
Anodized12,13
Anomalous-Materials8,13
Anomander,138
Anon28301,15
Anonymous_1q,125
AntarcticScaleWorm,34
Anti_colonialist,14
Antique-Ad-9081,13
AnxietyObvious4018,35
Anxious-Routine-5526,21
AnxiousChaosUnicorn,23
Anxious_Article_2680,13
Any-Wheel-9271,17
AnyBudget5507,11
Anzai,13
Apart-Survey,10
Apart_Variation1918,27
Apathetic_Villainess,18
ApeAF,11
ApetteRiche,12
Apprehensive-Fun4181,10
Apprehensive-Let3348,25
Apprehensive-Top3756,11
ApprehensiveBook4214,17
Apprehensive_Run238,36
Apprehensive_Set_105,16
Apprehensive_Song490,25
Appropriate-Bar6993,19
Appropriate_Ear6101,13
Appropriate_Fly_6711,34
Appropriate_Gate_701,26
Appropriate_Leg9113,13
Appropriate_Mixer,14
Appropriate_Owl_91,33
Aquiduck,16
ArCSelkie37,10
ArCovino,33
Archophob,12
ArendtAnhaenger,15
AresBloodwrath,11
Argo505,39
ArguteTrickster,40
ArielTheKidd,19
Arkmer,19
Arnaldo1993,27
Aromatic-Victory4210,11
Arstanishe,28
ArtOfBBQ,28
Arthesia,15
AryaStark1313,18
Ashamed_Job_8151,18
AshleyMyers44,27
Ashmedai,78
AskingToFeminists,72
Asleep_Lettuce_5723,11
Asleep_Region,11
Asmos159,13
AspirationAtWork,72
Assume_Utopia,13
AsterKando,15
AtlasThe1st,11
AtmosphericReverbMan,44
Aunt_Anne,11
Aureliamnissan,20
AureliasTenant,42
Austin_Peep_9396,11
AutistAstronaut,25
AutoModerator,1943
Automatic-Flounder-3,28
Automatic_Tackle_406,27
AvailableWhereas8832,10
Avalonisle16,10
Avaposter,32
AvocadoJazzlike3670,15
Aware_Acanthaceae_78,11
Awesomeuser90,31
Awkward-Estate-9787,70
AxlLight,15
Ayjayz,25
Ayslyn72,18
B1ackHawk12345,14
B9F2FF,19
BJPark,16
BKGPrints,245
BRAINSPLATTER16,26
BUSY_EATING_ASS,10
BUUAHAHAHA,21
Baby_Needles,35
Background-Cow8401,16
Background-Key-457,12
BackpackJack_,10
BackseatCowwatcher,18
BadBoiy33,41
BadHabitOmni,21
BadIdeaSociety,11
BadNewsSherBear,11
BaguetteFetish,33
BahnMe,11
Balanced_Outlook,68
BalboaCZ,12
Ballatik,10
BalloonShip,10
Banes_Addiction,19
BarBryzze,17
BarleyWineIsTheBest,80
BaronNahNah,17
Bartok_The_Batty,22
Baselines_shift,29
Basic_Cockroach_9545,23
Bast-beast,32
Bast_OE,11
Bastiat_sea,19
BattMruno33,14
Be-My-Enemy,19
BeGoodToEverybody123,21
Be_Kind_And_Happy,18
Beachboy442,12
BeardedDragon1917,10
BeatificBanana,28
Beautiful-Climate776,12
Beautiful-Loss7663,39
BeckyDaTechie,17
BeeLamb,13
BeginningMedia4738,19
Beginning_Cupcake_45,12
Belisarius9818,28
Beljuril-home,11
Beneficial-Diet-9897,30
Beneficial-Set2738,31
BerneDoodleLover24,12
Best_Pants,17
Better-Needleworker6,15
Better-Turnover2783,21
Beyond_Reason09,11
BidRevolutionary945,11
Biffs_bunny,34
Big-Bodybuilder-5035,15
Big-Imagination4377,27
Big-Maintenance2544,11
Big-Willingness3384,11
BigBigBigTree,35
BigBoetje,24
BigDaddyDumperSquad,13
BigGreenBillyGoat,24
BigLilLinds,19
BigMax,15
BigMcLargeHuge8989,12
Big_Black_Clock_____,18
Big_oof_energy__,11
BigbunnyATK,27
Bigthrimbles,25
Bilabong127,13
BillionTonsHyperbole,14
BillionaireBuster93,54
BillyBobJangles,15
Bimlouhay83,11
Biptoslipdi,73
Birb-Brain-Syn,26
Bishop_Colubra,10
BitcoinMD,18
Bitter-Assignment464,18
Bitter-Paramedic-531,16
BitterFuture,176
BitterGas69,29
Bittybellie,15
Black_XistenZ,19
Blairians,38
BlondDee1970,26
BloodyPaintress,12
BlooregardQKazoo,16
Bludiamond56,33
BlueCollarRevolt,18
Bluehen55,19
BluesSuedeClues,285
Bluewaveempress,11
BobQuixote,17
BobbieMcFee,11
Bodoblock,42
Boisemeateater,26
BoltThrower28,12
Bolt_EV,12
Bombastic_tekken,11
BonelessB0nes,11
Bonky147,12
BoobySlap_0506,16
BoogerMagnolia,21
Bootmacher,53
BoratImpression94,25
Boring_Clothes5233,16
BotElMago,86
Both-Estimate-5641,43
Both-Structure-6786,14
BothDiscussion9832,44
Both_Bear3643,13
Bottlecapzombi,27
Boulange1234,14
Bourbon-Decay,20
BoxForeign8849,14
BoyHytrek,23
Br0wnieSundae,13
BrainDamage2029,23
Brainsonastick,12
BrandonLart,22
Brave-Fun-7984,11
Brave-Silver8736,12
BraveOpinion3289,11
BrazilBound25,13
Brickscratcher,60
Brief-Bat7754,14
Brief-Percentage-193,13
Brikish,11
Brilliant-Lab546,25
Broad_Temperature554,10
BrokenManOfSamarkand,13
Bronze_Rager,13
BrooklynSmash,19
Broseph_Heller,27
BrownCongee,11
Brysynner,10
BuHoGPaD,12
Buck_Thorn,15
Budget_Llama_Shoes,32
Budget_Trifle_1304,10
Budobudo,14
Bulugaboy05,12
BurningEmbers978,39
BurtMSnakehole,29
Business-Stretch2208,21
BuskerDan,11
ButterLettuth,11
Buttercups88,10
ButterscotchIll1523,11
ButterscotchNo1546,62
BuzzBadpants,14
Buzzs_Tarantula,11
CABRALFAN27,23
CEO-Soul-Collector,16
CHiuso,11
CMRSCptn,11
COskibunnie,18
CSIBNX,10
CablePuzzleheaded497,18
Cacafuego,13
Cactuswhack1,31
CadenVanV,13
CalLaw2023,86
CalTechie-55,16
Calaveras-Metal,25
CalebAsimov,17
CallItDanzig,28
CallMeCorona1,35
CallMeMrPeaches,11
CallMeOaksie,14
Calm-Purchase-8044,24
Calm_Marsupial3123,25
Candid-Narwhal-3215,23
Candid_Beat8390,28
CandidateNew3518,16
CandylandCanada,53
CanoodlingCockatoo,46
Canuck_Voyageur,30
Capable-Art-1972,21
CaptCynicalPants,93
CaptainMalForever,21
CaptainONaps,22
CaptainoftheVessel,15
Careful-Painting3214,13
Careless-Ability-748,35
Careless_Bat_9226,27
Careless_Cicada9123,11
CarlEatsShoes,11
Carlpanzram1916,10
Carlyz37,15
CarmenDeeJay,14
CarsTrutherGuy,60
CartographerKey4618,80
CauseAdventurous5623,16
Cazzah,13
Celebrinborn,27
CelestialFury,27
CellistOk5452,13
CellularSavant,14
CerddwrRhyddid,23
CerealExprmntz,17
Certain-Definition51,13
CertainGoon,11
Cerulean_IsFancyBlue,11
ChChChillian,40
ChadWestPaints,13
ChampagneDividends,51
Champagne_of_piss,13
Changer_of_Names,10
Character-Twist-1409,10
Charlea1776,11
Charlie4s,57
CharlieandtheRed,13
CharmCityKid09,14
Charming-Leader-250,17
Charming_Cicada_7757,11
Charming_Key2313,14
Charming_Variation76,10
ChazzLamborghini,19
CheapEstimate357,10
CheekPowerful8369,12
CheezeLoueez08,39
Chelonie4,21
Chemical_Big_5118,17
ChepaukPitch,10
CherryblockRedWine,17
Cheshire_Khajiit,44
ChickerWings,26
ChihuahuaNoob,32
Chinohito,11
ChirpyRaven,15
Choano,13
ChocFarmer,11
Chocotacoturtle,21
Choice-Valuable313,10
Chompytul,32
Choperello,30
Chronoblivion,14
CincyAnarchy,20
CivilMath812,26
Civil_Environment858,13
ClaraClassy,22
Classic-Obligation35,14
ClassicCommercial581,15
Classic_Bet1942,25
Classic_Season4033,12
Clean_Permit_3791,10
Clear_Newspaper4052,11
CleverJames3,25
ClickclickClever,15
ClockOfTheLongNow,776
CloudAdditional7394,37
CloudComfortable3284,15
Clovis42,10
ClueMaterial,35
Cluefuljewel,37
CnC-223,54
Co-flyer,23
CobraPuts,15
CocoSavege,57
CodWonderful2045,15
Codenamerondo1,32
Coffee-and-puts,12
ColTwang333,11
Cold-Palpitation-816,12
Cold_Breeze3,45
Cold_Victory7398,12
CollectionStraight2,12
Colley619,10
Colluder,18
CombAny687,10
CombinationRough8699,33
Comfortable-Policy70,14
Comfortable-Way-8029,18
Commercial-Print-,27
Commercial_Pie3307,20
Commonscents2say,12
CommyKitty,10
Competitive_Jello531,17
Competitive_Let_9644,26
Competitive_Tale_799,28
Complex-Field7054,30
Complex-Present3609,10
ComprehensiveBand586,19
ComprehensiveHold382,13
ComprehensiveSet927,13
ComputerChemist,11
ConflictGullible392,83
Confusedgmr,11
Conscious-Function-2,35
ConsciousApartment48,10
Conscious_Bet_2005,15
Conscious_Raisin_436,16
Consistent-Dinner799,11
Consistent_Hurry_603,13
Consistent_Proof_772,11
Constant_Host_3212,19
Constellation-88,61
ConsultJimMoriarty,50
Contemplating_Prison,10
Content-Valuable-489,16
Content_Doughnut4590,12
ConundrumBum,10
Cool-Group-9471,10
Corellian_Browncoat,40
Coreyporter87,17
Cornwallis400,17
Correct_Cupcake_5493,39
Corrupted_G_nome,53
CosmicLovepats,24
CosmicSoulRadiation,14
Costiony,10
CouchieWouchie,11
Counther,19
CoverCharacter8179,11
Cowabungamon,11
Coygon,12
CozyCoco99,16
CptHrki,11
CptPatches,21
CrabbiestAsp,10
CracklierKarma9,18
Crafty-Average-586,10
Craig-Tea-Nelson,12
Cranyx,18
Crash927,65
CrawlerSiegfriend,11
CrazyCoKids,17
Crazyandiloveit,12
CreatineAddiction,29
CreativeContract2170,20
CremasterReflex,21
CremePsychological77,22
Crepes_for_days3000,13
Crew_1996,15
Crib15,26
Criminal_of_Thought,11
CrimsonCartographer,20
CrimsonKnight_004,10
Critical-Buy-8677,22
CritterFan28,14
CrossXFir3,10
Cross_examination,10
Crowe3717,13
Csimiami,15
Cudi_buddy,12
Cultist_O,29
Cultural-Budget-8866,13
CunnyWizard,62
CurdKin,47
Curious_Eggplant6296,15
Cursethewind,13
Cute-Boobie777,11
CwazyCanuck,10
Cyber_Guy1988,11
Cyberpunk2044,24
Cynthesyss,17
Cytothesis,10
DBDude,136
DBFool2019,29
DC2LA_NYC,17
DCBuckeye82,17
DD_Spudman,10
DINNERTIME_CUNT,15
DJFrostyTips,33
DJ_HazyPond292,15
DJ_Velveteen,11
DMTwolf,17
DMayleeRevengeReveng,31
DTF_Truck,17
D_Prime94,10
DaEccentric,17
Dabalam,11
DaddyRocka,21
DakTyree3141,11
Damnatus_Terrae,13
DancingWithAWhiteHat,25
DanforthWhitcomb_,182
Dangerous_Prize_4545,12
Dante2377,11
Dapper-Emergency1263,10
DapperDlnosaur,10
Dare_Ask_67,18
Dark1000,15
DarkCrawler_901,15
DarkExecutor,14
DarkMarxSoul,23
DarkNo7318,20
DarkSkyKnight,10
DarkSoulCarlos,14
Dark_Wing_350,13
Darkagent1,23
Darkmayday,21
DarroonDoven,12
DarthJarJarJar,19
DarthRedYoga,36
DashJackson,11
DataCassette,10
DataTouch12,37
DaveChild,21
Dave_A480,23
Davec433,22
DazzlingFruit7495,38
DazzlingLanguage5774,42
Dazzling_Instance_57,38
Dazzling_Occasion_47,10
DeadlyPython79,52
DeadlySpacePotatoes,19
Deadpoint,18
Dear_Ad_9640,10
Dear_Machine_8611,10
Dear_Solid3470,12
DeathMetal007,15
DeathStrike56,15
DebutsPal,48
Decent_Cheesecake_29,10
Decent_Front4647,25
DecoratedDeerSkull,10
Deep-Okra1461,89
Deep-Two7452,17
DeepShill,12
DefNotARussiaBot,10
DefaultProphet,15
DefiantDistance5844,10
Delanorix,55
Delcane,11
Delduthling,23
Delicious-Design527,10
DelirielDramafoot,20
Delli-paper,88
Delta-9-,55
DeltaBot,1045
Dependent-Canary-514,17
Dependent-Tailor7366,10
DepthExtended,10
DerekVanGorder,13
Describing_Donkeys,14
Desperate-Fan695,26
Destinyciello,253
Destroyer_2_2,47
DevA248,38
DevelopmentSad2303,14
DevinTheGrand,13
DewinterCor,10
Dheorl,17
DiceyPisces,10
DickNDiaz,57
DidjaSeeItKid,11
Didntlikedefaultname,64
Difficult-Chard9224,11
Difficult_Minute8202,15
Diligent_Pie317,11
DinaFelice,10
Dineology,15
DinkandDrunk,18
Direct-Bread,10
DirectAntique,12
Direct_Crew_9949,12
DisarestaFinisher,11
Disastrous-Nail-640,23
Disastrous_Onion_958,32
Discount_Mithral,20
Discussion-is-good,15
DisgruntledWarrior,13
Dismal-Daikon-1091,16
Distinct-Temp6557,14
Dittoheadforever,27
Diveblock,23
DivorceIncoming123,40
Dizzy_Needleworker_3,32
DjangoBojangles,10
Djinnwrath,14
Dmagnum,15
DoYouWantAQuacker,10
Doc_ET,25
DoeCommaJohn,33
DoesMatter2,16
DogEnthusiast3000,11
DogsOnMyCouches,11
Domiiniick,12
DonQuigleone,14
DonatCotten,11
Done327,16
Donkletown,27
Donut-Strong,10
Donutsmell,20
Doodenelfuego,14
Dooey,13
DopeShitBlaster,13
Dorithompson,14
DorsalMorsel,12
DotCottonCandy,16
Doub13D,118
Douchebazooka,11
Doughnut3683,19
Down_D_Stairz,13
Downtown-Act-590,31
Downtown-Campaign536,17
DowntownManThrow,44
Downtown_Afternoon75,15
Doxjmon,14
DoyoudotheDew,12
Dr-Assbeard,82
Dr0ff3ll,16
DrFabio23,12
DrNogoodNewman,30
DrPlatypus1,21
DrRealName,19
DrWaffle1848,17
Dr_CleanBones,49
Dr_G_E,18
DragonFireLettuce,12
DragonSeaFruit,11
DragonWyrd316,26
Dragonmancer76,11
Dramatic-Emphasis-43,14
DrawPitiful6103,13
Dreadedvegas,19
DreamofCommunism,18
Dregride,23
DriftingLily9,19
DrunkAlbatross,12
Dry-Tough-3099,43
DryEditor7792,21
Dry_Bumblebee1111,152
Dry_Prompt3182,10
DuckDouble2690,11
Duckfoot2021,32
DuePersonality8585,16
Due_Cricket1885,10
Due_Satisfaction2167,13
Dukklings,38
Dull_Banana1377,18
Dull_Conversation669,22
DumboWumbo073,13
DungeonJailer,20
Dunkleosteus666,10
Dweller201,23
Dyn-O-mite_Rocketeer,17
EDRootsMusic,22
EH1987,34
ENCginger,13
ERedfieldh,41
EVOSexyBeast,10
Easy_Language_3186,11
Easy_Masterpiece_605,19
Eat--The--Rich--,13
EchoingSimplicity,17
EclipseNine,28
EconomistAromatic497,10
Economy-Emu-4689,17
EdelgardSexHaver,39
EdelwoodEverly,13
EdenSire0,54
Eden_Company,18
Edens_dark_garden,32
Edgar_Brown,19
EdliA,17
Educational-Pop-3351,19
Educational-Sundae32,10
Effective-Birthday57,16
Effective_Jury4363,25
Efficient_Phase1313,11
EggOkNow,17
Eggsformycat,26
Either_Operation7586,22
EksDee098,28
ElATraino,14
ElEsDi_25,26
ElReyResident,13
Eldriscp,12
ElectricMayhem123,150
Electrical-Lab-9593,11
Electrical_Quiet43,13
ElectronGuru,12
Electronic_Mango1,20
Elegant-Pie6486,26
Elegant_Bluebird_460,17
ElemWiz,10
Elias_Beamish,10
ElysiX,26
Embarrassed-Dress211,11
Embarrassed_Bake2683,14
Embarrassed_Loss_584,20
EmceeSuzy,47
Emergency-Style7392,27
Emergency_Driver_487,49
Emergency_Streets,10
EmilytheALtransGirl,14
Eminence_grizzly,13
Emotional-Box-6835,16
Emotional-Tailor-649,16
EmotionalSize5586,54
EmployAltruistic647,10
Empress_cat_1981,23
EmptyDrawer2023,35
EnLaSxranko,11
EndsIn-ing,18
Engine_Sweet,11
Enki4n,12
EntWarwick,10
EnterprisingAss,15
Entire-Ad2058,25
Entire-Ratio-9681,11
Environmental_Art591,11
EonPeregrine,11
Equal-Ad3814,13
EquipmentSpecific262,24
Equivalent-Pea8907,27
Equivalent_Length719,31
Eric848448,44
ErieHog,18
Error_404_403,17
EruDesu90,12
EssayFunny1670,12
Essex626,14
Even-Ad-9930,16
Evening-Skirt731,17
EveningImaginary1380,12
Evening_Spot_5151,23
Every3Years,35
Every_Single_Bee,15
EvilPutlerBotZOV,13
Evil_B2,29
Evilsushione,25
Exact-Joke-2562,21
Exact_Cantaloupe_408,11
ExaggeratedSnails,15
Exciting-Peanut-1526,13
Exotic-Knowledge-243,24
Expensive_Yam_2222,25
Expert-Repair-2971,10
Expert_Slip7543,10
ExpiredPleaseUpdate,17
Extension-Issue3560,16
Extension_Hand1326,26
Extinction00,12
ExtremeAd7729,16
Extreme_Sector_6689,13
EyePharTed_,30
EyesofaJackal,10
Eyesofmalice,14
Eyespop4866,11
Eyuplove_,49
FL_Duff,12
Fabulous-Suspect-72,155
Facebook_Algorithm,14
Factory-town,224
FairDinkumMate,13
FairyCompetent,32
FaithfulPichu,15
Falernum,67
FallOutShelterBoy,10
False-Fall-6995,13
FalseBuddha,10
False_Appointment_24,30
False_Celebration626,10
Falsequivalence,11
Familiar_Invite_8144,12
Famous-Ad-9467,12
Famous-Garlic3838,21
Famous-ish,13
Fancy_Introduction60,16
FancyyPelosi,18
Fando1234,10
FarConstruction4877,37
Far_Mistake9314,12
Far_Physics3200,33
Far_Realm_Sage,27
Farcry5gonnabelit,12
Fargason,84
FartingKiwi,17
Farvas-Cola,61
Fast-Penta,10
FatnessEverdeen34,10
Fattyboy_777,20
Fattydog,18
Fauropitotto,54
Faust_8,10
FawningDeer37,12
FearlessResource9785,107
Fearless_Spring5611,26
Feeling-Visit1472,14
FemBoyGod,20
FerdinandTheGiant,62
FetusDrive,59
Few_Employment5424,11
Few_Engineering_4710,12
Few_Mistake4144,31
Feyle,72
Fichek,18
Fickle-Cabinet3956,18
Fickle-Syllabub6730,12
Fifteen_inches,40
Final-Prize2834,12
Final7C,15
FinalSealBearerr,46
Final_Candle7759,10
Final_Meeting2568,13
Financial_Bowl9440,10
Financial_Change_183,11
Financial_Shame4902,14
Finch20,16
Fine-Sherbert-140,12
FineDingo3542,15
Fine_Road_3280,14
Finishweird,12
Finklesfudge,16
Firestorm42222,21
First-Industry4762,10
FishFollower74,13
Fishin4catfish,12
Fishtoart,11
Fit-Act2056,11
Fit-Order-9468,61
FitIndependence6187,10
Fit_Cut_4238,14
FlanneryODostoevsky,38
Flapjack_Ace,11
Flashy-Lunch-936,17
FlashyHabit3030,18
Fleeting_Dopamine,22
Flimsy_Sector_7127,11
FlipFlopFlappityJack,17
Floating-Cynic,11
Flor1daman08,138
FlounderCautious4523,12
Fluffy-Load1810,14
FluffyB12,16
FluffyWeird1513,13
Flymsi,12
FockerXC,15
Fofolito,10
Fondacey,30
Foodielicious843,11
Foofieness,16
ForgetfullRelms,22
Formal_Cap_1324,15
FormerLawfulness6,21
Former_Function529,23
Former_Indication172,10
Former_Star1081,22
Forsaken-House8685,75
Forte845,87
Foulis68,48
FourCardStraight,16
Foxhound97_,27
Foxlikebox,11
FoxyDepression,11
Foyles_War,15
FractionalFibonacci,11
Fragrant-Banana-2695,13
Fragrant-Luck-8063,34
FragrantPiano9334,17
Francois-C,10
FrangipaniMan,10
Frank_JWilson,33
FranksFrankThoughts,10
FredUpWithIt,16
FreddieMoners,21
Fredouille77,30
FreeGazaToday,31
FreeStall42,53
Free_Storage_1088,13
FreedomPocket,12
Freeham55,10
Fresh_Caramel8148,15
FreyyTheRed,10
FrgTurdeson,65
FrickinLazerBeams,45
Friendly-Many8202,13
Frientlies,14
Front-Finish187,15
Frooctose,21
FrostyArctic47,19
FrozenSeas,19
Frylock304,48
FuckItImVanilla,16
Fuckface_Whisperer,10
FudGidly,11
FuguSandwich,13
Fulg3n,32
Fulgore101,14
Full-Professional246,175
Fumbles329,13
Fun-Holiday9016,11
Fun_Possession3299,19
Fun_Squirrel_9539,11
Funklestein,70
FurryYokel,15
FuturelessSociety,97
GSilky,23
Gabby_Craft,12
GabuEx,17
GadgetGamer,11
GalaXion24,43
Galious,18
GarageIndependent114,27
GarbledComms,14
Garblin,23
Garfish16,59
Garganello,35
GarryofRiverton,18
Gatonom,37
Gauntlets28,13
GeekShallInherit,10
GeekyPassion,10
GenTwour,22
GeneConscious5484,14
General_Day_3931,11
General_Relative2838,11
GenghisKhandybar,12
GentleKijuSpeaks,27
GeorgeHarris419,12
GermanPayroll,23
Gertrude_D,18
Gexm13,23
GiantPineapple,28
Giblette101,95
GiddyChild,12
Gingerpyscho94,10
GitmoGrrl1,12
GiveMeAHeartOfFlesh,40
GiveMeBackMySoup,30
GkrTV,27
Glad-Talk,14
Glitchy_XCI,28
Glittering_Set6017,10
GloomyButterfly8751,28
Glorfendail,54
Glory2Hypnotoad,30
Glum_Designer_4754,16
GoBills585,22
GoNads1979,11
GodMan7777,45
GodkingAustin,14
GodtheBartender,15
Goggio,60
Gohab2001,14
GoingAllTheJay,10
Gold-Delay6362,10
GoldH2O,21
GoldenEagle828677,80
GoldenInfrared,25
GoldenLiar2,12
GoldenStarsButter,16
Goldreaver,12
GoodQueenFluffenChop,11
Goodnight_big_baby,23
GooseyKit,16
GotAJeepNeedAJeep,53
GothPenguin,29
Grand-Expression-783,16
Grand-wazoo,20
GrandMasterPuba,30
Grand_Fun6113,80
GrapefruitNo9284,12
GreatConsequence7847,11
GreatResetBet,14
GreatWhiteSalmon,11
Greedy-Win-4880,30
Green-Dragon-14,11
Green__lightning,75
GregHullender,11
Gremlin95x,18
Grish__,19
GritNGrindNick,12
GroundbreakingAd6354,13
GroundbreakingBag164,12
GrowFreeFood,39
Grumblepugs2000,16
GrumpyScot61,14
GrungleMonke,51
Grunt08,42
Gryffindorcommoner,55
Grymflyk,11
GtBsyLvng,14
Gta6MePleaseBrigade,30
GuestCartographer,18
Guldur,13
Gullible-Minute-9482,27
Gullible-Test8204,17
GumboSamson,25
GunMuratIlban,14
Gurpila9987,36
Gurrgurrburr,14
GuyInAChair,57
Gweena,20
Gygsqt,34
Gym_Noob134,10
HEpennypackerNH,14
HGpennypacker,10
HKBFG,11
HOAKaren,11
HOLEPUNCHYOUREYELIDS,15
HadeanBlands,231
Hairy-Dream4685,19
HakuOnTheRocks,10
Haleakala1998,19
HalfDongDon,11
HallowedGardens,10
HammerOn57,28
Hamuel,12
Hapankaali,49
Happy-Viper,29
HappyGardener52,15
Happy_Tip_2091,15
Harbinger2001,45
Hard_Corsair,13
HardlyDecent,38
Hartastic,51
Hatook123,24
Hatta00,11
HauntedReader,56
Haunting_Shelter8003,11
Hautamaki,10
HazelCheese,16
Hazeygazey,17
HazyAttorney,75
Head_Personality_394,20
Healthy_Brain5354,20
Healthy_Shine_8587,28
Heavy-Top-8540,19
HeavyDutyForks,12
Hefty-Reaction-3028,20
Helen_A_Handbasket,10
Hellion_444,13
Hellioning,54
HeloRising,43
Helpful_Loss_3739,18
Hemingwavy,14
HendriXP88,14
Henrik3443,35
Here4Pornnnnn,48
HereForTheBoos1013,15
HeroBrine0907,19
HexspaReloaded,21
Hey-Just-Saying,14
HeyYoisTaken,20
HiHoJufro,12
HiSno,47
HiddenRouge1,10
HiddenSage,11
HiddenThinks,10
HideGPOne,16
Hipp0damos,15
Historical_Wing3120,14
History_Fanatic1993,12
Hodgkisl,13
Holiman,10
HolyToast,113
HombreDeMoleculos,22
Honest_Initiative471,21
Honestly_Nobody,11
Honeycrispcombe,21
Honky_Cat,14
Horse__Latitudes,42
Horselady234,18
Hostilis_,10
Hot-Hurry3199,21
HotSatin,13
HotSauce2910,11
Hothera,26
Hour_Smile_9263,31
HowDoIEvenEnglish,23
Howhytzzerr,10
Huge-Nerve7518,21
Huge___Milkers,10
Hugo28Boss,11
HugsForUpvotes,23
HumanContinuity,16
HumanDissentipede,16
Human_Ad_6671,24
HumansMustBeCrazy,10
Humble-Progress8295,10
Hungry-Struggle-1448,57
HungryDepth5918,47
Hunterofshadows,11
Hyndis,28
Hypekyuu,42
I-Here-555,57
I405CA,215
ICantCoexistWithFish,46
IDVDI,14
IEATASSETS,26
IHaveBoxerDogs,10
IJustWantADragon21,16
ILikeToJustReadHere,21
IT_ServiceDesk,66
I_am_the_Jukebox,64
I_like_baseball90,16
IanArcad,11
IceCreamBalloons,13
IceNein,47
IceTheFoundr,15
IchiroTheCat,11
Iconic_Mithrandir,25
Icy-Exits,14
Icy-Mortgage8742,10
IcyRecommendation781,26
Icy_Raspberry5456,15
Icy_River_8259,76
IdeaMotor9451,12
Idk_Very_Much,15
Idrialite,16
IeyasuMcBob,18
IgnoranceIsShameful,19
Ihsan2024,13
IleGrandePagliaccio,31
Ill-Description3096,127
IllIlIlIlIlIll,11
Ill_Decision2729,26
Ill_Industry6452,11
Illustrious_Ad_4558,10
Illustrious_Ring_517,15
ImAMorty777,18
ImDeputyDurland,18
ImNoLawyer,12
ImProdactyl,11
ImReverse_Giraffe,33
ImRightImRight,11
Imabigdealonredditny,12
Imadevilsadvocater,224
Imaginary-Orchid552,42
Imaginary_Exam1068,19
ImmodestPolitician,16
ImmortalAgentEta,19
ImportantOnion9937,21
Important_Pattern_85,16
Important_Suspect681,16
Impossible-Cod-323,15
Impossible-anarchy,97
ImpossibleReason2204,65
Impossible_Ad9324,12
Impossible_Pop620,45
Impossible_Rain_4727,11
Impossible_Smile4113,14
Impressive-Floor-700,32
Impressive_Ad_5614,26
Impressive_Design177,15
ImprovementPutrid441,16
In-Brightest-Day,20
InFearn0,20
InNominePasta,22
In_A_Spiral,18
Indecisive-Gamer,12
Independent_Donut_26,20
Independent_Fox8656,13
Individual642,20
IndividualGain4653,13
IndividualSkill3432,13
Individual_Ad_9213,14
Individual_Metal_983,12
Individual_Row_2950,20
Individual_Umpire969,11
Inevitable-Ad-9570,16
Inevitable_Bit_9871,14
Inevitable_Entry6518,14
Infamous-Purple-3131,15
InfamousDeer,14
Infamous_Top677,11
InfernalOrgasm,158
Inferno_Zyrack,22
InfidelZombie,11
Infinite-Cat-Peep,11
Infinite_Collar_7610,13
Infinite_Wheel_8948,28
IniNew,43
Initial_Cellist9240,15
InnerBlacksmith1208,12
Inner_Butterfly1991,41
InquiringAmerican,10
Insectshelf3,42
Inside_Jolly,12
Intelligent-Cow-7122,27
Intelligent-Sound-85,14
Intelligent_Read_697,14
Interesting-Pea-1714,22
Interesting-Shame9,15
InterestingTheory9,35
Interesting_Claim414,25
Interesting_Team5871,12
Internal-Giraffe-124,10
Internal_Kale1923,18
International-Fee255,21
Interrophish,123
InterstitialDefect,15
IntolerantModerate,11
IntrepidAd2478,32
Intro-Nimbus,14
Introscopia,10
InvestigatorOk7015,25
Ion_Unbound,18
Irdes,31
Iricliphan,14
Irish_Pineapple,15
IrritableGourmet,19
IsNotACleverMan,78
IslandSoft6212,31
ItsAGoodDay,10
ItsFuckingScience,10
ItsGrum14,29
ItsMichaelScott25,27
Itzko123,12
Iustis,25
Iwantmypasswordback,10
IwantyoualltoBEDAVE,24
JAMONLEE,32
JCMGamer,17
JC_Hysteria,14
JDMultralight,18
JDogg126,45
JGalKnit,18
JJSF2021,28
JKlerk,189
JPDL,10
JQuilty,29
JRDZ1993,15
JRingo1369,19
JSmith666,57
Jackandahalfass,26
JacobStills,10
JacquesShiran,12
JadedDruid,17
Jaded_Jerry,22
JaggedMetalOs,17
Jake0024,79
Jakobites,17
Jakyland,23
Jalphorion1,15
JamSkully,12
James_Fiend,24
January_In_Japan,10
Jartblacklung,13
JawnSnuuu,12
JawtisticShark,26
Jawyp,17
JaySpunPDX,10
Jaymoacp,12
Jaysank,13
Jazzlike-Bird-3192,11
Jazzlike-Wolverine19,11
Jealous-Contract7426,29
Jealous-Factor7345,19
Jealous_Tutor_5135,12
JeanSchlemaan,12
JefeRex,20
Jeffery95,12
JeffreyElonSkilling,13
JellyfishSolid2216,18
Jen0BIous,29
Jerseygirl2468,28
JeruTz,15
Jesssica_Rabbi,27
JesusSquid,14
Jew_of_house_Levi,31
JimDee01,10
Jimithyashford,10
Jlchevz,13
Jmcduff5,22
Jmoney1088,20
JoJoeyJoJo,58
Jocelyn-1973,10
JoeSavinaBotero,14
John-Zero,11
John-for-all,10
JohnCalvinSmith,10
JohnFresh669,16
JohnLockeNJ,28
JohnSpartan2025,12
JohnWittieless,21
Johnclark38,10
Johnnadawearsglasses,18
Jolandersson,13
JonDowd762,28
JonnyAU,13
JonnyRobertR,32
JorgiEagle,10
JosephJohnPEEPS,12
Josvan135,70
Jscapistm,15
Judgement_Bot_AITA,664
JuicingPickle,40
Jun1p3rsm0m,16
JuniorFarcity,21
Junior_Razzmatazz164,18
JunktownRoller,29
Just-Feedback-2223,25
JustACWrath,10
JustAnotherJon,17
JustMeAndMyKnickas,13
JustSomeCells,17
JustWowinCA,12
Just_Nefariousness55,10
Justame13,27
KCarriere,14
KFrancesC,29
KJongsDongUnYourFace,14
KRAy_Z_n1nja,14
Kaaji1359,10
Kadajko,10
KaiBahamut,72
Kaiisim,10
KaikoLeaflock,10
Kaisha001,11
Kakamile,107
Kaleb_Bunt,12
KaliTheBlaze,32
Kamamura_CZ,16
Kami_Sang,30
Kangaroo_shampoo4U,76
Karmaze,11
Katarack21,10
KathrynBooks,19
Kathrynlena,17
Katressl,19
KatzAKat,14
KayItaly,16
Kenichi2233,23
Kerostasis,67
Kevin-W,47
KevinCarbonara,53
KevyKevTPA,13
Key-Loquat6595,11
Key-Philosopher-2788,13
Key-Pickle5609,12
Key-Practice-2336,10
KeyYak4008,49
Key_Cheetah7982,116
Key_Day_7932,10
Key_Ingenuity_4444,11
Key_Zucchini9764,15
Kibbles-N-Titss,20
Kijafa,35
Kikikididi,15
Kilkegard,14
KimB-booksncats-11,36
KingAggressive1498,36
KingJades,35
KingKnotts,63
Kingnimrod212,11
Kingreaper,10
Kitastrophe8503,36
Kitchen-War242,23
Kithslayer,17
KittyQueen63,50
Kittymeow123,12
KlausVonChiliPowder,31
Klutzy_Property83,14
Klutzy_Routine_9823,13
Km15u,31
Kman17,61
Knave7575,18
Knight0fdragon,21
Knight_Machiavelli,61
Known_Week_158,11
KokonutMonkey,28
KoldPurchase,13
Kolo_ToureHH,14
Korimito,38
Kosmopolite,19
Kotoperek,35
Kotor-Knowledge-7964,22
Kr1spykreme_Mcdonald,14
KrabbyMccrab,21
Kristoveles,18
Kronzypantz,86
Krytan,25
Kuramhan,64
Kurati-sa-Kariba,12
KurtisRambo19,12
KyleDutcher,18
L3onK1ng,23
LEDN42,15
LILwhut,13
LIONS_old_logo,26
LSATDan,11
LSF604,37
LaMisiPR,11
Labradawgz90,11
Laceykrishna,10
LackingLack,10
Laesslie,23
LagerHead,10
Lagkiller,36
Lambfudge,10
LanaDelHeeey,49
Lancasterbation,17
Landoco,10
LankyEvening7548,29
Lanracie,43
LaquaviusRawDogg,24
Large-Flamingo-5128,17
LateQuantity8009,19
LateralEntry,45
Latin_Stallion7777,12
Latter-Refuse8442,11
Laves_,12
LavishnessGeneral,10
LawyerDad1981,23
LdiJ46,15
LeRoyRouge,26
Least_Key1594,13
Leather-Map-8138,68
Leather_Preference67,13
Lefaid,17
LeftToaster,11
Legal-Profile-183,16
Legitimate_Gas2966,10
Legolaslegs,28
Lenyngrad,29
Leon_Thomas,26
Leopold_Darkworth,24
Less_Instruction_345,10
Lethkhar,31
Letshavemorefun,43
LetterheadBubbly6540,19
Letters_from_summer,15
Letters_to_Dionysus,39
LettuceFuture8840,73
Level-Ladder-4346,11
Level_Ad9278,39
Level_Amphibian_6249,10
LhasaApsoSmile,13
Liad3008,29
LiberalAspergers,18
LifeScientist123,10
Life_Repeat310,13
Lifemetalmedic,13
LifeofTino,10
LifesARiver,13
LimeDramatic4624,10
Limmeryc,16
LisleAdam12,48
Littlepage3130,13
Live-Cookie178,15
Live-Enthusiasm5422,11
LiveKindly01,82
Live_for_Now,13
LivingGhost371,15
LivingLikeACat33,12
Lmaris,25
Local-Hornet-3057,12
Local_Ad7264,11
Local_Painter_2668,25
LocketheAuthentic,21
Locrian6669,34
LogensTenthFinger,11
LolaSupreme19,22
Longjumping-Job-2544,11
Longjumping-Plant617,13
LongjumpingSeaweed36,14
LookAtMeNow247,22
LookAwayPlease510,10
LookWhatlCanDo,32
Lopsided_Thing_9474,14
LordBecmiThaco,23
LordGerdz,13
LordShadows,12
LordSwedish,11
LordVericrat,10
LosingTrackByNow,14
Lost-Letterhead-6615,12
LostMyKarmaElSegundo,12
LotionedBoner,12
LotsoPasta,11
LottieOD,11
Loud-Climate5927,10
Loud_Ad_9187,14
Loud_Box8802,10
LouisV25,11
LouisWillis98,11
LouisWinthorpeIII,18
Low-Box9924,13
LowNoise9831,12
LowRevolution6175,14
Low_Armadillo3366,10
Low_Guide5147,19
Low_Imagination_1224,12
LowerEar715,10
Lower_Group_1171,15
Lows-andHighs,14
Lpunit,10
Lucas_Steinwalker,13
LucidMetal,119
LukasJackson67,31
LumpBizquik,28
Lumpy-Butterscotch50,93
Lumpy_Ear2441,13
LupineVenom,16
Lurking_87,28
Lylieth,104
LynnSeattle,39
M312345,13
MACRS_or_Break,48
MCRemix,11
MKing150,29
MS-07B-3,11
Ma-Hu,11
MacaroonSad8860,12
MadGobot,15
Mad_Maddin,24
Madrigall,29
MaeSilver909,10
Maestro_Primus,12
Magdovus,18
Magehunter_Skassi,12
MagicWishMonkey,14
Magic_Man_Boobs,12
MagicalMonarchOfMo,10
MagnanimosDesolation,51
MaiTaiMule,12
MainPlankton9612,12
MaineHippo83,112
Majestic-Effort-541,17
Majestic_Horse_1678,12
Major-Platypus2092,21
Major2Minor,13
MakeItCelestial,10
MaleficentPizza5444,22
MalekithofAngmar,14
Malibu921,18
Malice_A4thot,12
MaloortCloud,15
Mammoth_Sleep_7046,11
ManBearScientist,80
ManOfLaBook,10
Manaliv3,21
Mandrake_Cal,16
ManliestBunny,14
ManufacturerSea7907,28
ManufacturerVivid164,19
Marchtmdsmiling,39
MarionberryPlus8474,14
MarkHaversham,40
MarshyHope,11
MartinBP,13
Marty-the-monkey,28
MartyTax,12
MarxCosmo,23
Maschamari,11
Mashaka,86
Massive-Albatross823,10
Massive_Wealth42069,12
Matsdaq,10
Matt2_ASC,44
MattVideoHD,10
MatthewRebel,12
MaxTheCookie,10
Maximum-Lack8642,12
MaximumOk569,21
Maximum_Error3083,20
Maximumoverdrive76,31
Maximus3311,16
MaxwellKillMill,24
MaybePrudent3877,15
MazerRakam,12
Mazinderan,14
McAlpineFusiliers,22
McArthur210,11
McKoijion,17
McKropotkin,13
McdoManaguer,13
Mcwedlav,26
Me_U_Meanie,11
Mean_Lawfulness_9781,14
MeanderingDuck,26
MeanestGoose,10
MeasurementCreepy926,132
Meddling-Kat,16
Mediocre-Risk3581,15
Mediocre-Studio2573,13
MediocreEffectt,13
MediocreSizedDan,13
MediumAids,58
Medusa_7898,30
Meghanshadow,10
Meii345,19
Mejari,34
Melanie-1431,12
MelissaMiranti,24
MelodiusRA,44
Mend1cant,19
MennionSaysSo,21
Mental-Combination26,15
Mental-Cupcake9750,19
MeowTheMixer,10
MercurianAspirations,18
MercuryChaos,12
Message_10,18
MezzoFortePianissimo,14
MiLowe35,11
MiddleAndLeg_,10
MiddleList52,11
Middle_Ad8183,19
MidwestNormal,25
Mijam7,10
MikeLinPA,14
MildAsSriracha,12
Miles_vel_Day,11
Mina_Girl,10
MindFreedom1978,13
Mindless_Giraffe4559,12
MinneapolisJones12,13
Minty_Widower,11
Minute-Employ-4964,11
MisfireMillennial,51
Mishigots,11
MissIncredulous,14
MissMenace101,58
Mission-Patient-4404,16
MissionYam3,12
Mist_Rising,87
MisterFrancesco,10
MisterMysterios,22
MisterRound,12
Mister_Way,10
Mistybrit,13
MithosYggdrasill1992,57
Mjolnir2000,16
Mmm_lemon_cakes,15
MobiusCube,30
Moccus,95
ModernZombies,11
Molenium,10
MonaSherry,14
MonarchLawyer,17
Money-Possibility606,13
Mono_Clear,37
Monotonosaurus,12
Monte_Cristos_Count,24
Moogatron88,14
MooseRyder,16
Morasain,11
Mordred19,14
More_Mind6869,45
MorganWick,44
MortgageMiserable307,15
Morthra,171
Most-Ad4680,16
Most_Finger,12
MostlyGhostlyPost,10
Mother_Sand_6336,36
Mother_Welder_5272,14
MountainHigh31,16
MrBlizter,29
MrChow1917,20
MrE134,11
MrGraeme,22
MrMrLavaLava,22
MrPoopMonster,12
MrVeazey,12
MrWoodblockKowalski,14
Mr_Ariyeh,13
Mrgoodtrips64,34
Mrminecrafthimself,16
MrsDoylesTeabags,10
MrsWeasley9,19
Mrs_Crii,48
Mrs_Noelle15,10
Muadeeb,16
Munchkin_of_Pern,16
Mundane-Currency5088,29
Mundane-Mud2509,22
Muninwing,28
Murky-Magician9475,117
MurrayBothrard,77
Mutive,10
Mvpbeserker,19
MyCatSpellsBetter,13
MyNameIsNotKyle,29
MyrddinTheKinkWizard,29
MysteriousDig4656,33
MysteriousFootball78,10
Mysterious_Ad_7301,11
Mysterious_Cum,11
Mysterious_Eye6989,20
Mysterious_Luck4674,10
Mysterious_Salt_247,16
Mysteriousdeer,16
Mystery-Ess,10
MystifiedByPeople,22
MzSea,18
Mztmarie93,42
NJBarFly,23
NOOBFUNK,12
NSlearning2,11
NTXGBR,14
NYDancer4444,15
Nameless_consult,11
Nate-dude,12
Natural-Arugula,51
NaturalCarob5611,67
Ndlburner,13
Neat-Ostrich7135,20
NeatNefariousness1,15
Neat_Rip_7254,32
NeedForSpeed98,11
Needs_Perspective269,17
NefariousQuick26,13
NefariousnessMost660,23
NefariousnessSweet70,13
Negative_Jaguar_4138,23
NegevThunderstorm,23
Neither-Stage-238,11
Neither_Charity_2779,10
NekoCatSidhe,75
NeoLeonn3,13
Neohaq,28
NepheliLouxWarrior,18
Nervous-History8631,12
Nervous_Ganache_9031,11
Nester1953,20
NeuroticKnight,17
New-Manufacturer263,12
New2NewJ,19
New_General3939,56
New_Seaweed_6554,18
Next_Yesterday5931,14
Nick_Beard,31
NightflowerFade,10
NigroqueSimillima,15
Ninja333pirate,10
NinjaHidingintheOpen,17
NittanyOrange,16
No-Acanthisitta-2973,15
No-Assignment5538,53
No-Assistant-1948,19
No-Broccoli-7606,23
No-Cauliflower8890,55
No-Coach533,11
No-College4662,22
No-Dinner-5894,32
No-Ear7988,22
No-Giraffe49,11
No-Ladder7740,24
No-Mushroom5934,10
No-Perspective3453,24
No-Potential-7242,30
No-Relation5965,11
No-Somewhere-7069,46
No-Strawberry-5804,13
No-Theme4449,11
No-stradumbass,19
No-swimming-pool,10
NoAttitude1000,81
NoComputer8922,10
NoExcuses1984,43
NoGuarantee3961,10
NoHorseNoMustache,24
NoInsurance8250,17
NoOneEverSeems2SeeMe,36
NoOnesKing,20
NoTomato7740,36
NoWin3930,23
No_Airport2112,10
No_Assignment_9721,13
No_Bottle7859,17
No_Cheesecake_9019,17
No_Comfortable_3148,18
No_Conversation_5661,19
No_Effort5896,11
No_Emphasis4360,13
No_Initiative_1140,26
No_Macaroon_9752,10
No_Material7583,10
No_Mention3516,18
No_Neighborhood_632,16
No_Passion_9819,50
NobleNop,28
NobodyKillsCatLady,20
Noctudeit,10
Nodaker1,13
Nofanta,29
Nojopar,41
NomadicScribe,11
NonbinaryYolo,14
NonsensePlanet,10
Noob_Al3rt,64
Noodlesh89,62
Norman_debris,10
North81Girl,10
Northern64,11
NorthernerWuwu,24
NoseSeeker,10
NotACommie24,31
NotGalenNorAnsel,12
NotMyBestMistake,71
NotRadTrad05,15
NotReadyForTomorrow,13
NotTravisKelce,21
NotYourThrowaway17,15
Not_Yet_Italian_1990,19
Notachance326426,28
Nothing_Better_3_Do,109
Novel_Fox,19
Novel_Surprise_7318,22
Nrdman,352
Nsfwacct1872564,21
NtsParadize,11
NuYawker,18
Nugtr,12
Nulono,30
NumerousWeather9560,23
NuncErgoFacite,10
Nymph-the-scribe,12
NysemePtem,14
OG-Brian,14
OLAZ3000,12
OMGitisCrabMan,10
Oberon_Swanson,16
Obi-Brawn-Kenobi,11
Objective-Arugula-17,18
Objective_Air8976,25
Objective_Aside1858,166
ObsessedKilljoy,50
Obsessive0551,13
ObsidianKing,16
Obvious-Arrival2571,15
ObviousSea9223,11
Obvious_Chapter2082,49
OccamsRabbit,12
Odd-Bumblebee00,46
Odd-Influence-5250,11
Odd-Spirit9829,10
Odd-Zombie-5972,11
OddCook4909,28
Odeeum,15
OhWhatsHisName,11
Ohjiisan,28
Oishiio42,36
Ok-Acanthaceae5744,11
Ok-Anteater_6635x,15
Ok-Autumn,10
Ok-CANACHK,11
Ok-Calligrapher1345,11
Ok-Condition-6932,22
Ok-Debate3920,13
Ok-Emu-2881,14
Ok-External6314,18
Ok-Hunt7450,30
Ok-Presentation-2068,13
Ok-Question1597,12
Ok-Raspberry7884,11
Ok-Recipe5434,11
Ok-Round-1473,39
Ok-Significance2978,28
Ok-Simple5493,27
Ok-Temporary-8243,24
Ok-Trade-5937,23
Ok-Trainer3150,11
Ok-Warning-7494,10
OkGazelle5400,10
OkManufacturer767,36
OkSecretary1231,15
Ok_Artichoke_2928,10
Ok_Bandicoot_814,79
Ok_Beat9172,11
Ok_Border419,16
Ok_Cup_5454,25
Ok_Juice4449,11
Ok_Macaroon6155,34
Ok_Objective8366,14
Ok_Owl_5403,33
Ok_Soft_4575,51
Ok_Stop7366,10
Ok_Swimming4427,24
Ok_Tonight_3703,11
Old-Pear9539,10
OldSarge02,11
OldSky7061,33
Olderscout77,28
Omari-OTL,11
OmniTalentedArtist,13
On_my_last_spoon,10
One-Independent8303,81
One-Salamander-1952,24
OneEverHangs,11
OneEye3360,10
OneNoteToRead,32
OnePunchReality,14
OneReportersOpinion,29
Only-Butterscotch785,19
Only_Economics7148,15
Only_Raccoon9397,18
Only____,12
OpeningChipmunk1700,24
Opening_Acadia1843,14
Openmindhobo,12
Opposite-Bill5560,15
Optimal_Let7233,17
OptimisticRealist__,17
OptimusPrimeval,10
Orbital2,13
OrcOfDoom,10
OrdinaryWords,12
Organic_Start_420,31
OriginalSchmidt1,13
OrindaSarnia,24
Ornery-Ticket834,59
Ornery-Wasabi-473,10
Ornithopter1,38
Orphan_Guy_Incognito,69
OrthogonalPotato,13
Osr0,10
Ossevir,10
OstentatiousBear,15
Ostlund_and_Sciamma,10
OtherMarciano,17
Otherwise-Tie-7459,19
Otherwise-Win7337,14
Ottomatik80,19
Our_GloriousLeader,11
OutSourcingJesus,22
Outcast129,19
Outrageous-Arm1945,11
Outrageous-Pay535,16
Outrageous-forest,26
Over_Bus9361,39
Overall-Ratio-1446,39
Overlook-237,20
Overton_Glazier,15
OwlCaptainCosmic,10
Owlblocks,21
OwnEntertainment701,20
Oyster5436,18
P4ULUS,22
PM-me-in-100-years,10
PM_ME_A_PM_PLEASE_PM,33
PM_ME_UR_Definitions,11
PM_ME_YOUR_NICE_EYES,93
PM_me_Henrika,15
Pac_Eddy,13
Padonogan,22
Pale-Ad9012,10
Pale-Candidate8860,11
Pale_Height_1251,12
Pale_Zebra8082,12
PalmTreePhilosophy,17
PandaMime_421,26
Pandaaaa33,10
Pandora2304,19
PapaverOneirium,53
PaperGoodsAddict29,11
Paradoxe-999,36
ParfaitBurnera,11
Particular-Way-8669,13
ParticularBreath8425,14
Particular_Daikon127,13
Particular_Solid9008,11
Parzival_1775,21
Pasadenaian,13
Pascale73,13
PassionGlobal,20
Past-Community-3871,10
Past-Winner-9226,23
Past_Scholar3723,18
Pastadseven,12
PaxNova,35
PeachBanana8,16
Pearberr,14
PearlStBlues,21
PeculiarSir,10
Peefersteefers,11
PeelingMirthday,12
PeepSkate,11
PenImpossible874,27
PeopleAre2Strange,15
PeoplePerson_57,18
PerAsperaDaAstra,19
Perdendosi,12
PerfectReflection155,11
Perfect_Security9685,55
Persis-,17
Personage1,10
Personal-Advance-494,20
PerspectiveViews,30
Peskypoints,24
PeteMichaud,17
PeterRum,11
PetiteDreamerGirl,11
Petrichordates,98
Phage0070,43
Phanes7,11
PharaohhOG,10
PhaseFull6026,10
PhiloPhocion,11
Philstar_nz,35
PhoenixKingMalekith,10
PhotoForward2499,14
Phyltre,11
Physical-Dingo-6683,76
PhysicalWave454,11
Pi6,12
PiersPlays,13
PikaV2002,30
PimplupXD,12
PinGroundbreaking754,11
PinchesTheCrab,22
PineBNorth85,17
PinkNGreenFluoride,21
PinkPandaHumor,17
Pinkydoodle2,22
Pip-Pipes,13
PipingTheTobak,12
PirateMean4420,13
Pixelology,16
Pizzaflyinggirl2,11
Pkfrompa,11
PlantComprehensive77,20
Planterizer,16
Plastic-Abroc67a8282,18
PlasticLab3306,33
Playful-Mastodon9251,11
Playful-Trip-2640,13
PlayfulRemote9,18
Playful_Ad_6773,13
Playful_Programmer91,12
PleaseDontBanMe82,13
Ploutophile,12
Plumbus-aficianado,19
Plus-Plan-3313,11
PlusAd4034,23
Plus_Ad_9181,30
PoIIux,16
Pockydo,11
PolicyWonka,15
PoliticalDiscussion-ModTeam,203
PoliticalJunkDrawer,14
Polyodontus,144
PomegranateBasic3671,12
PomegranateOld7836,11
Ponce2170,25
Pongpianskul,43
PoofyGummy,12
PoolQueasy7388,22
PopIntelligent9515,18
PopTheRedPill,12
PopTough6317,27
Popular-Formal-7971,68
Popular_Kangaroo5446,32
Positronic_Matrix,10
Possible-Tangelo9344,30
Possible_Emergency_9,13
Potato_Pristine,15
Potential-Power7485,13
PotentialDig7527,11
Potential_Being_7226,10
Potential_Wish4943,45
Powerful-Cheetah6685,10
Powerful_Falcon_4006,15
Prasiatko,20
PrecisionHat,24
PreparationAdvanced9,13
Prepared_Noob,12
PressPausePlay,12
Pressondude,13
PrestigiousFace6756,13
Prestigious_Ad_5825,13
Prestigious_Load1699,31
PretendAwareness9598,17
PrettyChillHotPepper,26
PreviousCurrentThing,53
PreviousPin597,25
PrimAhnProper998,18
Primary-Slice-2505,10
PrimaryInjurious,81
Primary_Grass5952,20
PrimeWolf101,12
PrinceArchie,11
Princess-Eilonwy,26
Prior_Coyote_4376,31
Pristine_Club_3128,64
Pristine_Volume4533,17
PrivilegeCheckmate,28
ProDavid_,277
ProRuckus,71
ProfessionalLurkerJr,20
ProfessorDistinct835,15
ProfessorYaffle1,28
PromptStock5332,16
Proof-Technician-202,17
ProofJournalist,20
PropofolMargarita,23
Proud-Sandwich8516,15
Prysorra2,11
PsychLegalMind,11
Psychological-Work85,10
PsychologicalLuck343,10
Psychonaut1008,14
Ptcruz,17
Public-Vegetable-671,12
PublikSkoolGradU8,13
Publius82,16
PuckSenior,74
PuffyPanda200,12
Puppet_mistrezz,10
PureAntimatter,11
Puresuner,29
PurpleWeasel,15
Purple_Feedback_1683,18
Purple_Wizard,23
PushPopNostalgia,27
PushThePig28,11
Puzzled_Feedback_840,12
Puzzleheaded-Ad7606,16
Puzzleheaded-Bat-511,37
Puzzleheaded-Face181,11
PuzzleheadedShoe5829,11
PuzzleheadedTrash131,22
Puzzleheaded_Ad_5710,29
Puzzleheaded_Ant3378,18
Puzzleheaded_Buy_921,10
Puzzleheaded_Disk_90,14
Puzzleheaded_Mix4160,24
Pyrostemplar,11
QL58,11
QR4201,21
QSannael,10
Quankers,27
QuantumR4ge,21
Quarter_Twenty,13
QubitEncoder,13
Qubit_Or_Not_To_Bit_,60
Queasy_Artist6891,14
Queen-of-meme,11
Queen_Sized_Beauty,10
QueensOfTheNoKnowAge,13
QuesoStain2,13
QuestionMaker207,10
QueueOfPancakes,18
Quiet_Fan_7008,11
R4eth,18
RCA2CE,196
RICO_the_GOP,12
RKU69,52
RL203,16
RSmeep13,25
RVarki,12
RWBYsnow,14
R_V_Z,15
RabbaJabba,39
Rabbid0Luigi,22
RadiantHC,53
Radiant_Gene1077,17
Radijs,10
Radish00,14
Raephstel,32
Raichu4u,17
Rainbwned,141
RainfallsHere,19
Raise_A_Thoth,28
Rakkis157,35
RaleighTS,24
RamJamR,17
Ramguy2014,28
RammsteinFunstein,17
RandiLynn1982,10
RandomModder05,14
Random_Association97,13
RandomizedNameSystem,13
Randomousity,72
Randy_Watson,12
Raptor_197,13
Rare-Ad-8087,12
Rare-Discipline3774,13
Rare-Writer-9635,13
RareMajority,10
Rare_Sugar_7927,21
RaspberryLast170,11
Rastiln,38
RateEmpty6689,11
Rationally-Skeptical,30
Rawlott1620,25
Raythunda125,11
Razorwipe,18
RazzmatazzOk2129,15
ReOsIr10,32
ReactionAble7945,77
ReadLocke2ndTreatise,30
Ready-Recognition519,14
Real-Dragonfruit-585,28
Real-Intention-7998,23
Real-Telephone4077,33
RealJohnBobJoe,48
RealSimonLee,13
Realistic_Mud_4185,13
Reasonable-Bad-769,41
RebornGod,28
RecalcitrantMonk,13
Recent_Nebula_9772,22
Recent_Weather2228,13
RedApple655321,13
RedHead-Eng25,16
RedMarsRepublic,40
RedOceanofthewest,53
RedPandaReturns,10
RedSpaceman,20
RedditWidow,12
Regalian,24
RegressToTheMean,30
Rehcamretsnef,18
RelativePickle8333,11
Relevant-Expert8740,10
Relevant_Actuary2205,76
Relevant_Bed6893,14
Remarkable-Cry7123,12
Remarkable_Aside1381,13
RemoteCompetitive688,51
Remote_Difference210,11
RennietheAquarian,27
Repeatitpete,20
RequestSingularity,18
RequirementQuirky468,10
RequirementRoyal8666,26
ResidentBackground35,10
RespondCharacter6633,21
Responsible-Bunch316,32
Responsible-Yak9000,24
Responsible_Dream282,18
Responsible_Music248,10
Responsible_Rich_284,12
RetreadRoadRocket,31
ReturnPresent9306,15
Revachol_Dawn,90
Reverse_Quikeh,12
Revolutionary-Copy97,10
RevolutionaryCommon,10
RevolutionaryGur4419,160
RevolutionarySpot721,13
RevolutionaryYam2147,14
RexDraco,19
Reynor247,10
Rhomya,14
Rhoubbhe,20
Rhundan,190
RiceGold3688,10
Riceowls29,38
RickRussellTX,45
RiddLA311,19
Rightricket,26
Rightsideup23,11
Riker_Omega_Three,11
Rindan,11
Rinerino,11
Riokaii,49
Riptiidex,21
RiskyBrothers,13
RiverCityWoodwork,31
Rivercitybruin,65
Roadshell,78
Roadside_Prophet,12
Rob__T,12
Robert_Grave,11
Robie_John,32
RobotAlbertross,19
Robot_Alchemist,25
RocketRelm,31
Rocketeer57,15
RogueCoon,20
Rollingforest757,27
Rolly3,22
Rombom,53
RonaldTurner88,27
Rook_lol,10
Roselily808,10
Rosevkiet,15
Rosimongus,28
RottenMilquetoast,13
Rotten_gemini,17
Rough-Tension,13
Rough_Butterfly2932,14
RoundCollection4196,42
Routine-Equipment572,15
Royal_Negotiation_91,67
Royalfatty,11
RoyallyOakie,26
Rozenheg,12
RsonW,12
Rude_Lengthiness_101,20
Rude_Technician4821,10
Ruebee90,10
Rufus_TBarleysheath,23
Ruger1958,11
RulesBeDamned,38
RumRunnerMax,15
Runns_withScissors,10
Rusty-Shackleford000,69
SANcapITY,58
SAPERPXX,10
SINWillett,12
SLAMMERisONLINE,16
SRIrwinkill,31
Saargb,21
Sad-Country-9873,22
Sad-Paramedic-8523,26
SadieDiAbla,12
Safe-Intern2407,14
SafeThrowaway691,16
Sageblue32,64
SagesLament,11
SaintNutella,13
Salanmander,12
Salazarsims,27
SallyKait,11
Salsa_and_Light2,49
Salty-Snowflake,15
Salty_Map_9085,21
SamCam9992,12
Samanthacino,12
SammathNaur1600,20
Sammonov,24
Sammy4152015,14
SannySen,39
SantaClausDid911,29
Santosp3,12
Sapriste,47
Sarlax,32
Sarmq,28
SartorialDragon,38
Sartres_Roommate,15
SatisfactoryLoaf,10
SaucyWiggles,10
Savethecannolis,23
SavingsRhubarb8746,12
Savitar5510,24
Sayakai,27
ScalesOfAnubis19,95
ScannerBrightly,15
Scarlet-kenku2500,10
ScarletNotThatOne,137
ScaryButterscotch474,41
Scatman_Crothers,13
Scenarioing,16
SceneNational6303,10
SchuminWeb,32
ScoobiusMaximus,27
Scooney92,13
ScopeIsDope,11
ScoutsHonorHoops,11
ScreenTricky4257,20
ScrupulousArmadillo,22
Scumdog_312,10
ScytheSong05,11
Sea-Chain7394,20
Sea-Document-974,12
Sea-Nerve-8773,10
Sea-Storm375,11
Sea-Volume-4746,35
Sea_Entrepreneur6204,49
Sea_Researcher7410,10
Sea_Section_9861,12
SeattleBrother75,15
Secret-Put-4525,23
See-A-Moose,12
SeeRecursion,20
Seeker_Of_Toiletries,15
Select_Insurance2000,14
Selethorme,92
Self-Aware,10
SendMeYourDPics,31
Sensitive_Housing_85,13
Serious-Top7925,22
Serious_Senator,13
ServelanDarrow,62
ServiceDragon,11
SethGekco,29
Several-Adeptness-83,27
Several_Leather_9500,10
Several_Razzmatazz51,10
Severe-Illustrator87,16
Sevourn,48
ShadesOfTheDead,11
Shadeylark,29
Shadow4summer,22
ShadowSniper69,15
Shadow_666_,10
Shadruh,22
ShakyTheBear,10
ShannaraRose,29
Sharkbait_ooohaha,23
SheWhoLovesSilence,12
Shepard_Normandy,26
Shepathustra,13
Shewhomust77,20
ShipComprehensive543,14
Shmuckle2,16
Shoddy-Potential5727,11
Shot-Vacation2469,24
ShuukBoy,14
SiPhoenix,26
SideEmbarrassed1611,13
SigSauerPower320,14
Sigmatronic,12
Signal_Ad_7959,12
Signal_Membership268,10
Significant-Berry-95,11
Significant-Cancel70,40
Significant_Arm4246,56
Significant_Sign_520,11
Significant_Stand_17,20
SilenceDobad76,10
Silent-Storms,22
Silent_Advantage6138,14
Silon17,12
SilverTumbleweed5546,15
SilverWear5467,19
Similar_Pineapple418,15
Simon-Says69,15
SimonPopeDK,24
Simple_Pianist4882,31
SimplyPars,10
SinesPi,11
SingleMaltMouthwash,28
SinglePermission9373,29
Single_Cancel_4873,10
SirWillae,13
Siukslinis_acc,16
SkiingAway,14
SkinnerBoxBaddie,29
Skuggsja86,22
Skull_Bearer_,12
SkunkApeForPresident,12
Sky-Trash,16
Slaator,17
Slackjawed_Horror,31
Slam_Bingo,13
Slicelker,10
Slight-Improvement84,15
Slime__queen,26
SlinkyMalinky20,19
SlipperWheels,82
Sloppykrab,14
Slothnazi,10
SlovenlyMuse,10
Slow-Seaweed-5232,12
SlowMotionSprint,34
Slow_Principle_7079,14
SlurpingDischarge,59
Sm3x,18
Smart-Afternoon-4235,11
Smart-Status2608,25
SmartYouth9886,23
SmarterThanCornPop,44
SmokeySFW,20
SmokingPuffin,11
SnappyDresser212,15
Snarky75,10
Snatchamo,37
SnausageFest,38
Snoo93629,10
SnooChipmunks770,40
SnooPets8873,10
SnooSprouts6437,10
Snoo_90208,10
SnottNormal,13
SoMuchMoreEagle,11
Socialimbad1991,24
Socialmediaisbroken,10
SocksRocksDocks,36
Sofa-king-high,10
Soft_Accountant_7062,83
SoggyGrayDuck,16
Solid-Musician-8476,26
Solnx,22
Solondthewookiee,36
Some_Excitement1659,10
Somebody_81,32
SomeoneYouDontKnow70,11
SophiaRaine69420,14
SophonParticle,11
Sorry_I_Guess,43
South-Rabbit-4064,45
South_Industry_1953,124
Sovereign_Black,17
SpaTowner,11
SpaceCowboy1929,19
Space_Pirate_R,10
Spackledgoat,11
Spaniardman40,17
Spare_Ad5009,47
Spare_Butterfly_213,24
Spare_Necessary_810,21
SparksFly55,72
Sparrowphone,27
SpecialModusOperandi,20
Specialist-Owl2660,28
Specialist-Rise1622,18
SpecialistAddendum6,11
SpecialistBet4656,31
Specialist_Job9678,13
Specialist_Value_804,12
Specific-Hand3439,17
SpecificConscious809,10
SpecificPay985,20
Speedy89t,17
SpicyButterBoy,34
Spiel_Foss,19
Spinnerofyarn,13
Spirited-Awareness31,11
Spirited-Feed-9927,16
SpiritedLettuce6900,16
Spite-Organic,14
Splenda,35
SpoofedFinger,18
Sprmodelcitizen,10
Sptsjunkie,36
Squaaaaaasha,11
Square-Bite1355,13
Square-Dragonfruit76,47
Square_Hat_3994,23
Squirrels-love-me,10
Ssgtsniper,12
Ssshizzzzziit,21
StAlvis,80
StampMcfury,12
StanDaMan1,15
Standard-Secret-4578,10
Standupaddict,15
StarChild413,32
Starfleet-Time-Lord,10
StargazerRex,27
StartledMilk,13
Statman12,18
StealUr_Face,11
Steamed_Memes24,13
StedeBonnet1,22
SteedOfTheDeid,10
SteelLt78,12
Stereo_Jungle_Child,41
StevenGrimmas,12
StillLikesTurtles,29
Stingre1956,11
StobbstheTiger,30
Stock-Film-3609,31
StockAdeptness9452,13
Stock_Sun7390,10
Stompya,13
StopElectingWealthy,17
StopStealingMyShit,19
StopblamingTeachers,22
Stopper33,10
StormlitRadiance,13
Stormtomcat,25
Story_Man_75,21
Storyteller-Hero,22
Straight_Letter5819,10
Streambotnt,12
Street-Length9871,16
StrikingExcitement79,18
Striking_Computer834,10
StromburgBlackrune,16
StructEngineer91,10
Stucklikegluetomyfry,14
StuffedSquash,11
Stunning-Drawing8240,15
Stunning-Equipment32,15
Stunning_Active_8938,55
Sublimotion,12
SubstantialQuit2653,10
Subtleiaint,17
Successful-Cat9185,10
Successful-Daikon777,13
Successful-Extent-22,29
Successful-Shopping8,39
Successful-Silver485,14
SuccessfulAd4606,27
Sufficient-Win-1234,10
Sufficient_Run4414,15
Sufficient_Steak_839,14
SufficientlyRested,21
Sugah-Mama,14
Sugarrrsnaps,12
SuggestionHoliday413,10
Suitable-Activity-27,22
Suitable_Plum3439,10
Sulfamide,43
SummerHill2130,13
SunMoonTruth,16
SunshineThunder101,14
Super-Statement2875,10
SuperRocketRumble,18
Super_Eagle1198,17
Super_Mario_Luigi,18
Supercollider9001,29
Superdudeo,11
Supernova-Max,39
SupervisorSCADA,34
Sure-Lingonberry-283,19
Sure_Acanthaceae_348,25
SurroundTiny,10
Suspicious-Raisin824,12
SuspiciousCod1090,25
Suspicious_Tank_61,12
SwagginOnADragon69,23
SweatyAnimator6189,10
SwedishDad01,10
SweetJeebus,10
SweetMaam,22
Sweetsmyle,15
Swimming-City-5001,105
Swimreadmed,76
SydowJones,16
Syharhalna,12
SykesLightning,14
Symbiotic_flux,14
T2Drink,11
TALKTOME0701,17
TBK_Winbar,22
TBSchemer,11
TFOLLT,22
THExLASTxDON,15
TNine227,28
TPSreportmkay,108
TSllama,18
Tacenda8279,10
Taconinja05,10
Tadpoleonicwars,39
Talik1978,95
TalkToHoro,26
Tall-Newt-407,12
Tall-Professional130,22
Tanaka917,12
Tangentkoala,13
TangerineCouch18330,16
TangoJavaTJ,94
TankieErik,10
TankyRo,13
TapPublic7599,10
TarantulaWithAGuitar,10
TarumK,25
TaxLawKingGA,18
Tea-Unlucky,10
Tea_Time9665,24
Team503,11
Technical-King-1412,36
Technical-Revenue-48,16
Technical_Goose_8160,20
Technoxgabber,16
Teddy_The_Bear_,43
TeenySod,10
TehNudel,11
Telaranrhioddreams,15
Telcontar77,11
Teleporting-Cat,13
TellItLikeItIs1994,11
TemperatureThese7909,63
Temporary-Stay-8436,26
Temporary-Truth2048,18
TemporaryThink9300,12
Temporary_Row_7572,10
TemptingPenguin369,37
Tengoatuzui,45
TesalerOwner83,25
TetraThiaFulvalene,22
TexanInNebraska,25
ThaneOfArcadia,10
Thari-97,11
ThatFuzzyBastard,17
ThatOneAttorney,12
ThatOtherGuyTPM,51
Thatredheadwithcurls,23
ThatsARatHat,15
Thatsthepoint2,10
The-Gobba-Ghoul,19
The-Grand-Pepperoni,11
The-Nice-Writer,10
The-Polite-Pervert,20
The-_Captain,15
TheAmazingBreadfruit,11
TheAzureMage,95
TheBeardedDuck,22
TheBigGoat44,17
TheBitchenRav,11
TheBossOfItAll,26
TheBouwerie,23
TheButtDog,21
TheCowboyIsAnIndian,11
TheDarkHelmet1985,47
TheDesertShark,11
TheDrakkar12,19
TheDuckOnQuack,10
TheEmporersFinest,13
TheFlyingSheeps,17
TheFoxer1,14
TheGOPisTheDeepState,10
TheGhostofJoeGibbs,16
TheGreatBenjie,12
TheInsomn1ac,11
TheLandOfConfusion,11
TheMCMC,10
TheMadTemplar,10
TheMan5991,28
TheMikeyMac13,65
TheMissingPremise,14
TheMrCurious,36
TheMuffler42069,39
TheNavigatrix,24
TheNerdofLife,26
TheOneFreeEngineer,11
TheOpinionIShare,13
TheOvy,25
ThePensiveE,29
ThePhilVv,36
ThePoppaJ,12
ThePurplestMeerkat,23
TheRemanence,14
TheRoadsMustRoll,14
TheSameGamer651,11
TheSauceeBoss,78
TheTrueCampor,17
TheTrueMilo,28
TheTurtleShepard,15
TheTyger,37
TheVioletBarry,77
TheWhistleThistle,57
TheWorstRowan,14
TheZarkingPhoton,14
The_Amazing_Emu,20
The_Artist_Dox,16
The_Awful-Truth,26
The_B_Wolf,63
The_Bjorn_Ultimatum,19
The_Demosthenes_1,17
The_FriendliestGiant,13
The_Godlike_Zeus,13
The_Hungry_Grizzly,11
The_Itsy_BitsySpider,37
The_Law_of_Pizza,45
The_White_Ram,16
The_World_May_Never,46
The_Zacain,21
Thebestfamily628,10
Theistus,18
ThemesOfMurderBears,21
Theomach1,59
Thermicthermos,12
TheyGaveMeThisTrain,13
Theycallmeahmed_,12
Thick_Ad_9729,13
Thin-Image2363,11
Thin-Management-1960,16
Think-Variation2986,10
Think_Clearly_Quick,13
Thinslayer,11
ThirteenOnline,38
ThisOneForMee,14
ThisWillAgeWell,50
ThoseThatComeAfter,11
Thoth_the_5th_of_Tho,57
Thoughtful_Ocelot,14
Thriftless_Ambition,22
Throat_Ancient,11
ThrowRACoping,39
ThrowRAboredinAZ77,21
Throwaway5432154322,31
Throwaway7131923,10
Throwawaylife1984,21
Thuis001,36
Thumatingra,122
Tight_Jaguar_3881,20
Time-Tie-231,36
Time_Minute_6036,26
Tinkerpro,10
TintedApostle,12
Tiny_Rub_8782,19
Tired8281,13
Tirriforma,19
Tliish,47
ToLiveInIt,11
ToSAhri,37
Toadfinger,10
ToddlerOlympian,15
ToldU2UrFace,13
TomCormack,23
TomatoTrebuchet,15
Tommyblockhead20,12
TonySu,12
Top-Bootylover,13
Top-Cupcake4775,26
Top-Egg1266,10
Top-Entertainer2546,17
Top-Profile-4570,14
Toppoppler,20
ToranjaNuclear,29
TorkBombs,22
TotaLibertarian,24
Total-Habit-7337,45
Total_Yankee_Death,10
TotalityoftheSelf,31
Totallynaturalvibes,13
Toverhead,83
TownAfterTown,22
Traditional-Ad-3245,12
Traditional-Bag-4508,14
Traditional-Swan-130,11
TrainOfThought6,12
Trauma_Hawks,19
Trawling_,16
Treefly916,15
Treethorn_Yelm,20
TrelanaSakuyo,11
Trevena_Ice,25
TrexPushupBra,13
TrickyTicket9400,12
Tricky_Break_6533,29
TriggerWarning12345,11
Tripsy_mcfallover,24
Tristan_Gabranth,16
Trouble_Walkin,14
Troysmith1,10
True_Ad_3796,12
True_Fill9440,10
TrumpetDuster,14
Trylena,89
TuggenDixon,23
TurbulentArcher1253,120
Turbulent_Cow2355,43
TurtleTurtleFTW,10
TuskaTheDaemonKilla,12
Tuvinator,16
Tw1tcHy,48
Twenty_twenty4,17
Twig-Hahn,13
Tydeeeee,33
Tzuyu4Eva,13
U8337Flower,24
UNisopod,27
U_Sound_Stupid_Stop,15
Uhhyt231,83
Ulthanon,10
UnbreakableAlice,26
UncleMeat11,27
Unexpected_Gristle,16
Unfair_Explanation53,15
Unfair_Finger5531,62
UnfoldedHeart,99
Unfounded_archeology,15
UnfttrrdMlvlnc,10
UnicornForeverK,12
Union_Jack_1,36
Unique_Statement7811,32
United_Librarian5491,20
Universeintheflesh,12
Unlikely-Distance-41,14
UnusualAir1,14
Unusual_Wasabi_7121,10
Upset_Gerbil,17
Upstairs-Scratch-927,19
Upstairs-Teach-5744,14
Urbenmyth,17
Useful-Back-4816,24
Usrname52,23
Usual-throwaway7076,14
UsualPreparation180,10
Utapau301,18
Utterlybored,31
Uubilicious_The_Wise,34
VA_Cunnilinguist,11
VPackardPersuadedMe,12
Valirys-Reinhald,15
ValitoryBank,12
Valkrhae,10
VanityOfEliCLee,10
VansterVikingVampire,10
Various_Succotash_79,107
VassalforThy,11
Vast-Information4565,12
Vast_Road7888,31
Vaulk7,16
Vedic70,30
VeekaVeeks,15
Vegetable-Two-4644,16
VegetableBuilding330,11
VegetableComplex5213,20
Vegtam1297,13
Vekktorrr,14
Verticalsinging,20
Vesurel,26
VforVenndiagram_,11
VikingFjorden,12
Vikings_Pain,10
Viola-Swamp,10
ViolaVetch75,28
Violet_Perdition,11
VirtualDingus7069,10
VirtualMoneyLover,56
Virtual_Piece,10
Virtual_Technology_9,21
Visible_Device7187,16
Visible_Pair3017,23
VivaLaRory,14
VodkaBeatsCube,239
VordovKolnir,35
VortexMagus,17
Vredddff,13
W0nderingMe,22
WATGGU,18
WISCOrear,15
WVPrepper,13
WVUEnchilada,24
WabbitCZEN,12
Wade8813,15
Walktothebrook,10
WaltEnterprises,26
WanderingAlienBoy,12
WanderingSpearIt,62
WarbleDarble,130
Warchief_Ripnugget,23
Warm_Shoulder3606,10
Warny55,63
Waste-Menu-1910,19
WaterNerd518,14
WaterboysWaterboy,10
Waterwoo,18
Waterworld1880,19
Wattabadmon,16
Wave_File,30
WavesAndSaves,75
Wayfarer285,17
Wayoutofthewayof,13
Wayyyy_Too_Soon,14
WeAreAllMycelium,13
Weak-Elk4756,14
Weak-Virus2374,12
WeakandSlowaf,25
WearIcy2635,37
WearyMatter,10
WeekendThief,13
Weird-Roll6265,16
Weird-Translator6797,15
Wellington_Wearer,16
Wermys,52
West_Hat7270,23
West_House_2085,61
Wetness_Pensive,17
What_the_8,18
Whatever4M,11
Whatswrongbaby9,21
WhenButterfliesCry,29
When_hop,10
Which-Worth5641,49
WhiteGold_Welder,13
WhiteWolf3117,10
WholeAd2742,27
Whole_Database_3904,10
Wide-Speaker-7384,12
Wild-Spare4672,11
WildMaineBlueberry87,25
Wild_Ticket1413,10
WileCoyote83,18
WileyApplebottom,17
WillCode4Cats,12
Willing-Time7344,16
WillowGirlMom,26
WinDoeLickr,28
WindyWindona,15
WingerRules,22
Wingerism014,16
WinstonWilmerBee,11
WinterAdvantage3847,11
WippitGuud,16
Wise-Opportunity-294,10
WiseDeparture9530,13
Wise_Entertainer_970,15
Wise_Owl5404,19
Wise_Session_5370,52
Witty-Draw-3803,14
Witty-Rabbit-8225,11
WittyProfile,11
WlmWilberforce,11
Woah_Mad_Frollick,14
WolfChasingTheMoon,15
Wombattington,17
Womblue,10
Wonderful_Two_6710,13
Wonderlostdownrhole,13
Wooden-Ad-3382,46
Working_Cloud_909,10
Workingclassstoner,10
Worldly-Confusion759,11
Worried4lot,12
Worth-Season3645,46
WreckinRich,32
Writing_is_Bleeding,20
Wrld-Competitive,10
WrongCase7532,35
WtfChuck6999,12
Wwwwwwhhhhhhhj,10
X-calibreX,39
XXXCincinnatusXXX,24
Xanith420,39
Xanto97,26
Xeltar,20
XenoRyet,105
Xepherya,10
XhazakXhazak,26
Xicadarksoul,24
Xiibe,39
Xolver,10
Xralius,23
XxSpaceGnomexx,14
Xytak,18
Y0___0Y,38
YNABDisciple,24
YakCDaddy,21
YakSlothLemon,11
YardageSardage,48
Yarddogkodabear,11
YawningDodo,15
YetAnotherGuy2,24
YnotBbrave,58
Yntol,12
YogurtclosetOwn4786,18
YoshKrawdot,11
YossarianWWII,14
YouJustNeurotic,55
YouLearnedNothing,47
Yuo_cna_Raed_Tihs,17
Z7-852,267
Z86144,14
Za_Lords_Guard,24
Zadow,14
Zagden,48
Zakaru99,31
ZappSmithBrannigan,31
Zauberer-IMDB,14
ZeBigD23,19
Zee216,11
Zequen,25
Zestyclose-Cat-1093,21
Zestyclose_Peanut_76,34
ZeusThunder369,10
Zeydon,11
ZhopaRazzi,16
Zinged20,15
Zipz,11
ZizzianYouthMinister,37
Zncon,38
ZoomZoomDiva,98
ZorgZeFrenchGuy,15
ZozMercurious,13
Zrakoplovvliegtuig,11
Zwicker101,42
_Age_Sex_Location_,12
_Calmarkel,15
_Dingaloo,11
_Floriduh_,15
_Morgi_the_Corgi_,11
_ParadigmShift,16
_Richter_Belmont_,35
__zagat__,68
_phish_,12
_robjamesmusic,15
_zhz_,11
a3wagner,10
a_rabid_anti_dentite,12
aaeme,20
aardvark_gnat,72
aasfourasfar,12
abacuz4,42
abcdef_U2,13
abetterlogin,26
abn1304,21
absolutefunkbucket,38
abstractengineer2000,37
acesoverking,25
actsqueeze,15
actualchristmastree,23
actuallychrisgillen,20
addicted_to_trash,13
addictedtolife78,22
adventuresofViolet,36
agoldgold,12
aguafiestas,13
aguruki,21
ahrazz99,10
aipac124,10
air_walks,10
airbear13,25
airboRN_82,63
akaleonard,17
akcrono,13
akelita,12
alaskanperson,21
alelp,13
alexmikli,10
alfredo094,21
allboolshite,11
allbusiness512,15
allhailthehale,11
allieadventurer,21
alliwantistacoss,30
allprologues,16
almaperdida99,18
almightywhacko,33
alohazendo,27
alwaysright0,51
alyxmorganvo,11
amaxen,12
ameis314,28
amf_devils_best,13
amiibohunter2015,11
amitball,13
amongthepillows,20
amonkus,13
amopeyzoolion,10
amore-7,18
amrjs,52
amrodd,19
anaconda4290,69
analogWeapon,17
anarchistright,17
anewleaf1234,283
angelerulastiel,11
anglflw,15
anglican_skywalker,21
angry_cabbie,12
annabananaberry,46
annang,20
anondaddio,26
anotherdropin,16
answer_giver78,16
anti-torque,66
antiquatedadhesive,10
antisocially_awkward,19
aperture413,14
apiaryaviary,25
apophis-pegasus,12
appealouterhaven,41
apri08101989,12
arbitrageME,10
architect___,10
arrgobon32,36
arrogant_ambassador,19
arthur_jonathan_goos,13
ary31415,12
asafg8,15
asamue16,10
ashkesLasso,13
ashmortar,15
asperatedUnnaturally,13
aspiringimmortal,53
asselfoley,14
atamicbomb,12
athe085,28
atoolred,10
atred,25
au-smurf,12
aurora-s,18
authorityiscancer222,13
automaks,11
awbradl9,12
awfulcrowded117,15
axp187,22
azarash,12
azuredota,22
bababooeey_exe,10
babjbhba,11
baby_budda,14
badass_panda,46
badlyagingmillenial,13
badnuub,13
bakeandjake,11
bakedbaker319,14
bakerfaceman,11
baklazhan,10
ballisticks,11
ballmermurland,74
baltinerdist,16
banhs5,26
barchueetadonai,29
barfbat,20
barnburner96,12
bawdiepie,11
baxterstate,146
bayesian_horse,29
bbcczech,15
beardsac,14
bearington,33
bearrosaurus,14
bearsnchairs,26
bemused_alligators,15
benfromgr,15
bettercaust,92
betty_white_bread,51
bexkali,10
bezjones,11
bfg-best-fried-gandu,14
bfhurricane,20
bfwolf1,48
bgaesop,32
bi_polar2bear,19
bidenxtrumpxoxo2,10
bifewova234,10
bigElenchus,14
bigbadaboomx,51
bigboobswhatchile,10
bigdograllyround,14
bigdon802,30
bigmac22077,18
billpalto,74
billymartinkicksdirt,56
bingbano,26
bionicfeetgrl,25
biteme4711,12
bizarre_coincidence,14
bjdevar25,36
bl1y,509
blackglum,10
blackkettle,10
blade740,13
bladex1234,10
blangenie,14
blaqsupaman,12
bleahdeebleah,18
bluepillarmy,13
blueplanet96,21
blyzo,30
body_oil_glass_view,15
bokatan778,11
boldandbratsche,31
bones_bones1,21
bopperbopper,15
boredtxan,15
bossmt_2,12
boundmaus,10
boytoy421,14
braindeaths,17
breakbeforedawn,60
briomio,10
bruce_cockburn,15
brutishbloodgod,15
bshum95,18
btafd1,16
bugsmaru,13
burnbobghostpants,13
burningbend,11
burrito_napkin,10
burritoace,32
burz,15
butts-kapinsky,11
c0i9z,31
cairnrock1,23
cakeandale,18
calguy1955,32
callmejay,24
camilo16,12
candre23,47
canned_spaghetti85,30
cantantantelope,18
captain-burrito,10
captainhukk,19
captainwhatserface_5,13
carsonthecarsinogen,14
carterthecomic,37
caseybvdc74,16
cat_of_danzig,21
catdude142,39
catladyclub,13
cballowe,30
cbf1232,38
celsius100,14
cferg296,36
chamrockblarneystone,52
changemyview-ModTeam,3697
charlesth1ckens,15
charlieto0human,10
chaucer345,19
che-che-chester,17
checker280,78
cheekmo_52,13
cheeruphumanity,11
chessboxer4,20
chewwydraper,11
chiaboy,55
chicfromcanada,11
chickadee_1,15
chickensause123,18
chickpeahummus,11
chiclets5,15
chimingbell,12
chinmakes5,12
chrisfathead1,15
chronberries,28
cindad83,12
citrus_cinnamon,23
cknight13,13
clarkision,12
clauclauclaudia,14
cleanlinessisgodly,14
cleverone11,12
climbstuff32,13
clinicalia,11
clintCamp,20
clios_daughter,21
clorox_cowboy,10
closetedwrestlingacc,10
clowncarl,14
cmecu_grogerian,12
cochlearist,15
colako,10
coleman57,18
colt707,17
comeon456,52
comment_i_had_to,29
communist_slut42,10
communityneedle,11
completedett,34
conduffchill,12
constructioncranes,14
coochitfrita,51
copropnuma,10
cornholio8675,10
coskibum002,48
couldbemage,41
countrykev,39
courtd93,30
couverte,10
cowmix88,14
cp5184,40
cpatkyanks24,11
cptjeff,14
cptn9toes,13
crashfrog05,111
creamsodapoo,18
crispy1989,12
crocodile_in_pants,10
cromethus,24
csopinion,10
cstar1996,30
cuntpimp,17
curien,44
curiouslyjake,69
curly_spork,11
custodial_art,96
cwaterbottom,11
cyrilhent,11
d-cent,17
dEm3Izan,19
da_ting_go,15
dachuggs,13
dalekrule,13
damo1112,19
danappropriate,25
daniel_smith_555,29
danniperson,15
dannypdanger,11
daoistic,26
daretoeatapeach,25
darthmcdarthface,50
darwin2500,28
das_war_ein_Befehl,29
datalicearcher,38
datingcoach32,24
davehal2001,12
davethompson413,10
davidml1023,54
db1965,18
dbandroid,14
dbmermels,17
ddoyen,13
deadphrank,12
deadpool_pewpew,14
deck_hand,15
decrpt,23
ded517,16
deep_sea2,33
deepstaterecords,22
definitelynotjava,15
deftonite,20
dejamintwo,17
delimeats_9678,34
demihope,18
denyer-no1-fan,17
desgasser,10
dickpierce69,29
digbyforever,17
diminishingpatience,17
discourse_friendly,190
doesanyofthismatter,10
dommmm9,11
doriangray42,25
dr_eh,22
dr_pepper_35,10
draculabakula,15
dragnabbit,11
dragonfirestorm948,16
dravik,21
drdildamesh,18
drewmana,11
drtropo,13
dsfox,12
dsteffee,10
dtbgx,10
dudemanwhoa,17
dukeimre,26
dullaveragejoe,13
duskfinger67,36
dvolland,13
ecafyelims,27
edwardludd,14
efnord,13
eggoed,26
eggs-benedryl,27
eggynack,78
eh_steve_420,66
elCharderino,10
eldankus,16
elderly_millenial,14
eldomtom2,26
ellathefairy,12
ellirae,17
elmekia_lance,30
elocin1985,11
emp-sup-bry,22
enemy884real,12
energirl,16
engineerosexual,10
enlightenedDiMeS,13
enterthewoods1,20
entirelyintrigued,10
epelle9,27
epichuntarz,18
epicmooz,10
epsilona01,60
equiNine,25
ergo_incognito,21
eteran,38
etherealfox420,13
ethical_arsonist,34
etoneishayeuisky,47
everydaywinner2,15
everything_is_bad,12
evissamassive,15
ewokninja123,25
explain_that_shit,11
eyetwitch_24_7,17
ezk3626,11
facefartfreely,34
fairenbalanced,13
fallingknife2,13
fascistp0tato,28
faux-fox-paws,96
favorable_vampire,18
felice60,15
ferbje,33
ferdaw95,26
fghhjhffjjhf,27
figuring_ItOut12,37
fiktional_m3,39
findmeauname,12
fingerchopper,10
firematt422,34
firewatch959,27
fitandhealthyguy,12
fizzmore,14
flairsupply,73
flaminhotcheetos_,10
flat6NA,10
flatscreeen,13
flimflam_machine,24
floofnstuff,13
flowerybutterfly96,24
fluffybabbles,10
flying87,11
flynena-3,23
foilhat44,11
followedbymeteor,16
followyourvalues,14
forestrox,12
foreverAmber14,13
forkproof2500,27
formandovega,31
fossil_freak68,107
foul_ol_ron,14
foulpudding,21
fourmesinatrenchcoat,15
fox-mcleod,93
fps916,15
freakydeku,10
frederick_the_duck,12
frickle_frickle,28
friedgoldfishsticks,58
friendlily,17
frisbeejesus,31
frostyflakes1,10
fuckounknown,20
funglegunk,20
furtive_phrasing_,27
fwubglubbel,25
fyrdude58,12
gahidus,13
galaxyapp,10
garden_dragonfly,14
garnet420,21
garyt1957,12
gate18,28
gburgwardt,33
gdognoseit,18
gemunicornvr,144
generallydisagree,53
geredtrig,10
getawarrantfedboi,23
getfukdup,16
ghjm,16
ghotier,217
ghoul-gore,11
gifhyatt,11
gingerbreademperor,21
giraloco,11
girldrinksgasoline,19
gittlebass,10
giuliabricot,14
gloryhokinetic,26
glumjonsnow,25
goddamnitwhalen,26
goddessofspite,12
going_my_way0102,36
goldenfingernails,11
goldenroman,10
goldgoldfish,14
gonz4dieg,18
googagingaaaa,11
gorkt,11
gquax,24
gr8dspro,11
grafknives,11
grammarlysucksass,23
gravity_kills,12
grayscale001,35
gregaustex,23
grinr,12
grobbler21,11
grottohopper,11
gruesse98604,20
h0sti1e17,14
h_lance,14
hacksoncode,87
hadMcDofordinner,11
hadesarrow3,24
hairybeasty,13
half_way_by_accident,15
hamletswords,18
happyclam94,18
happyinheart,31
harambeLover_69,12
hardman52,15
harmoniaatlast,13
harpyprincess,31
harrumphstan,31
haterofslimes,18
hblask,35
health_throwaway195,26
heidismiles,33
helemaal,17
helion_ut,27
help_abalone,33
helpprogram2,15
henosis-maniac,18
hereiswhatisay,14
herejusttoannoyyou,13
heroyoudontdeserve,45
heywhutzup,23
hi_imjoey,11
hiddenkobolds,10
hillsfar,10
hillswalker87,35
hogsucker,13
homomorphisme,22
homurainhell,10
honeybee2894,15
honuworld,22
horshack_test,68
hotlocomotive,13
housearachna,24
houtex727,13
hryipcdxeoyqufcc,14
hunbot19,16
huntsville_nerd,27
hydrOHxide,13
hymie0,11
iAmBalfrog,10
iL0veLittleGirl,143
iOawe,10
iTonguePunchStarfish,11
i_was_a_person_once,24
iambecomesoil,30
iamcleek,20
iamintheforest,73
iamunknowntoo,11
iamwolfe,18
icecubtrays,13
icenoid,16
ides205,27
idontknowhow2reddit,28
ignoreme010101,28
iguacu,10
igwbuffalo,11
ihatepasswords1234,79
iilinga,11
ike7177,17
ilGeno,17
ilcuzzo1,15
ilikedota5,17
illegalmorality,39
illini02,16
im-obsolete,14
imatexass,17
imhugeinjapan89,20
imoutofnames90,11
imperfect9119,21
improbsable,11
imthesqwid,16
incospicuous_echoes,26
indescipherabled,22
indigoC99,11
indoorsy-exemplified,12
infiniteninjas,14
insaneHoshi,38
internet_commie,10
iosefster,11
irespectwomenlol,10
ironyinsideme,14
iryanct7,51
isamudragon,18
isekai15,13
ishmaellius,10
ishtar_the_move,17
issuefree,68
issy_haatin,12
itsacalamity,17
itsdeeps80,62
itsnotcomplicated1,37
itzmetheredditor,13
j0179664,12
j____b____,15
j_ly,13
ja_dubs,14
jabbanobada,16
jackparadise1,10
jacquidaiquiri,17
jadnich,32
jakeofheart,22
jamerson537,33
jarchack,26
jatjqtjat,88
jaundiced_baboon,12
jawrsh21,12
jayeffkay,28
jaywst22,20
jayzfanacc,12
jbarneswilson,12
jbruce72,12
jbslaw1214,34
jedisushi72,14
jeffwulf,26
jess_the_werefox,13
jethomas5,62
jetpacksforall,102
jiminygofckyrself,11
jimmyxtang,17
jinjuwaka,21
jinxbob,10
jmac31793,13
jman12234,11
jmking,11
jmnugent,21
jmtrader2,19
joe_s1171,13
joepierson123,20
johannthegoatman,10
johnsonjohnson,12
johnwcowan,10
joittine,38
josh145b,68
josh34583,20
joshdrumsforfun,24
jpotion88,21
jrssister,27
judge_mercer,27
jugglinggoth,15
julesk,27
juliacar,23
jumpinjacktheripper,16
junkit33,17
just_helping,175
justafanofz,11
justanotherdude68,10
justeatyourveggies,12
juwruul,14
jweezy2045,239
jwrig,54
k23_k23,71
k2svpete,26
k_princess,11
kaorizma,10
kathop8,12
katiemorag90,10
kawaeri,12
keenan123,16
keepin-it-sleezy,15
keesouth,36
kellykebab,10
kenlubin,14
kenmele,15
kenzieisonline,10
kep_x124,18
kerouacrimbaud,23
kerouak,12
kevbot918,14
keyboardwari0r69,17
khizar4,15
kidcudi115,13
kimariesingsMD,39
kingjoey52a,49
kingofcrosses,13
kinkgirlwriter,44
kinrove1386,306
kittenTakeover,20
kittywyeth,17
kiwimuz,17
kiwipixi42,33
kjaiwiz,32
kkdawg22,21
km3r,19
knifeyspoony_champ,10
knight_shade_realms,10
knightress_oxhide,10
koolaid-girl-40,45
kormer,24
kozak65,15
kurrganinterrogator,23
kvakerok_v2,12
kwamzilla,36
kwantsu-dudes,10
kyngston,14
l1qq,28
l_Paddystinian_l,11
labcoat_samurai,10
ladancer22,10
ladiesPlusLlc,12
ladylondonderry,12
lalahair,27
land_and_air,14
lastberserker,21
lavasca,11
laz1b01,12
le_fez,11
lebannax,10
lee1026,118
leekeater,15
legal_opium,12
lemickeynorings,16
lemon_charlie,38
lepoissonstev,28
lewkiamurfarther,44
libra00,50
lifeinwentworth,29
lifeisabowlofbs,73
lightmaker918,14
lihzee,26
lilelliot,11
lilpikasqueaks,49
lily-prince,12
link3945,20
lionhearted318,35
liquoriceclitoris,11
littlebitfunny21,48
littleredpinto,14
llordlloyd,14
lmchatterbox,15
lnkprk114,11
lobonmc,30
lolexecs,11
lonecylinder,46
lordnacho666,22
lordtrickster,17
lovescarats,11
luckyhunterdude,12
luminatimids,17
lycrashampoo,21
m_abdeen,10
mackinator3,33
magus678,15
maiingaans,12
majesticSkyZombie,111
makethatnoise,11
makeyousaywhut,12
mallardramp,27
mambotomato,11
man-vs-spider,21
mangababe,18
mangongo,24
mapadofu,21
maralagosinkhole,11
marbinho,18
mark_ik,24
markov_antoni,12
marxist-teddybear,14
marzaksar,14
mattyoclock,27
mauri9998,38
maximumhippo,11
maxxell13,12
mayasux,10
maybeafarmer,11
maychoz,10
mcbriza,10
mcgunner1966,54
medhat20005,15
medical_bancruptcy,17
meekonesfade,13
meeps1142,11
megschristina,15
melissaphobia,11
mem2100,23
memory_of_blueskies,30
memphisjohn,12
mercfan3,17
metarinka,11
meteoraln,12
mia_elora,13
michaelas10sk8,14
michaelcanav,13
mickeyanonymousse,18
midcen-mod1018,11
midnight_toker22,11
midorikuma42,12
mightymite88,24
mikadouglas1,13
mikeber55,15
mikefick21,32
mikevago,12
miklayn,12
milly_moonstoned,12
mini_macho_,14
minion531,33
misanthpope,33
mishaxz,38
mjwza,15
mle_eliz,15
mleibowitz97,10
mmmeadi,21
mmmsplendid,45
mnoodleman,15
moboticus,15
moccasins_hockey_fan,10
moderatelymeticulous,15
modernDayKing,41
molten_dragon,10
mongooser,14
monkey_gamer,11
moo-chu,25
moonkipp_,16
morgaine125,17
morganational,14
mormagils,48
mormonatheist21,15
morrison4371,20
mortemdeus,10
mosesoperandi,20
mossed2012,10
motherthrowee,26
movingtobay2019,20
mrGeaRbOx,30
mrcsrnne,15
mrjcall,116
mrspyguy,10
mskmagic,37
muffinsballhair,17
multipocalypse,45
munche,23
mutantraniE,12
muyamable,16
mycall,16
mypoliticalvoice,11
myssi24,13
mystad,12
myusrnmeisalrdytkn,19
nacho_hat,34
najumobi,11
nanoatzin,19
natelion445,31
nauticalsandwich,26
navkat,19
ncolaros,13
nefarious_planet,18
nemoomen,11
neodiogenes,65
neon_crone,10
neosituation_unknown,16
neotericnewt,67
nerojt,32
neurointervention,27
neverendingchalupas,28
news_feed_me,13
newshirtworthy,11
nextnode,18
nhydre,15
nickcan,16
nickchecking,15
nicksey144,13
nidarus,20
nigel_pow,10
nighthawk_something,26
ninetofivehangover,13
ninfan1977,32
ninja-gecko,43
ninjadude93,14
ninjatahu,24
noah7233,19
nobaconator,13
nofallingupward,15
nogooduse,21
nolife159,12
none74238,10
nope-nope-nope-nop,35
north_canadian_ice,11
notafuckinmarine,11
notapoliticalalt,29
notpoleonbonaparte,15
nottrumancapote,12
notyourgrandad,41
notyourmartyr,10
novagenesis,60
november512,11
nowthatswhat,30
nrcx,25
nuggets256,22
numbersthen0987431,17
nvveteran,12
nyckidd,22
nylockian,15
o-Valar-Morghulis-o,11
octocatty,42
oeg2415,39
ofBlufftonTown,27
ogjaspertheghost,43
ohhhbooyy,11
olcrazypete,10
olderguy6432,22
oliviamrow,13
omrixs,13
onepareil,12
onethomashall,12
onlyontuesdays77,56
oop_norf,31
opelan,26
opine704,11
oremfrien,20
ornery_curmudgeon,36
oswhistle,19
other_view12,26
ourstobuild,17
outestiers,66
oversoul00,41
ow_bpx,14
owls_and_cardinals,17
ozneoknarf,16
paadugajala,12
paikiachu,10
panna__cotta,34
parentheticalobject,14
park777,18
parsonsrazersupport,25
paultheschmoop,10
pawnman99,24
pcgamernum1234,36
pearl_harbour1941,28
pedrito_elcabra,12
peetnice,16
permanentimagination,13
perplexedtv,10
petitememer,10
pfundie,11
pgriss,20
pharmamess,13
phoenix1984,17
phoenix823,19
phtcmp,13
physioworld,19
pickleparty16,16
pieville31313,13
pikminlover20,15
pile_of_bees,40
pinegreenscent,10
pinkpink0430,17
pinksparklyreddit,15
piqueboo369,11
plantfumigator,12
pliney_,13
ploud1,11
plummbob,14
poIym0rphic,10
point_of_you,10
polisharmada33,19
polyvinylchl0rid,11
pomod,27
poopy050224,16
poorestprince,35
popeIeo,32
poprostumort,37
postdiluvium,25
potatolover83,17
pottersquash,120
powerboy20,18
premiumPLUM,49
princess_melancholy,10
psychosisnaut,17
ptmd,19
pulsatingcrocs,26
pump1ng_,13
punktualPorcupine,13
punninglinguist,14
punta_del_diablo,14
pwolf1111,11
pyramidalembargo,17
pzerr,11
qTp_Meteor,10
quietmanic,17
quix0te,15
quizbowler_1,18
r_coefficient,13
rabidstoat,11
radialomens,10
radred609,17
raerlynn,10
rainman943,13
ralph-j,69
ranchojasper,15
rangerstranger9472,18
raouldukeesq,29
raptor-chan,14
raven19528,12
ravenHR,11
ravia,14
razvanght,10
rb-j,16
rcglinsk,12
rdsuxiszdix,43
reactorfuel,27
real-bebsi,24
reaper527,26
reasonably_plausible,25
redditratman,17
redditsuckspokey1,11
reddituserperson1122,19
redeadhead,11
redelastic,39
redhillbones,30
redknit,13
redroserequiems,35
reefersutherland91,12
reginald-aka-bubbles,14
regolith-terroire,50
regus0307,22
rememberimapersontoo,34
renlydidnothingwrong,14
repeatoffender123456,37
reredd1tt1n,10
res0nat0r,20
revankk,23
revengeappendage,57
revertbritestoan,85
revilocaasi,30
rewt127,22
rgtong,13
rhombecka,11
richqb,11
rickbubs,11
ricknightwood13,11
rightful_vagabond,29
rigormorty,12
rjtnrva,18
rlbond86,12
rockclimberguy,11
rockstar588,10
roehnin,15
roguesabre6,10
rogun64,12
rollem,22
rollingrock16,12
rolyfuckingdiscopoly,16
rookieoo,34
rosegoldblonde,10
roseofjuly,20
roskybosky,34
rosythorn_,10
rpolkcz,24
runwith,11
rustyseapants,13
rzelln,13
s-b-mac,18
s_wipe,35
sacredblasphemies,14
sailorbrendan,13
saintsithney,15
saliczar,12
saltedmangos,13
sanguinemathghamhain,27
santathecruz,13
sapphireminds,55
sarcasticorange,13
sardine_succotash,61
satanic_androids,11
satyrday12,57
satyvakta,50
saul_not_goodman,40
savetinymita,11
savingforresearch,19
sawdeanz,29
sbenfsonwFFiF,19
scarab456,35
scarletwellyboots,12
scaurus604,14
schistkicker,25
scorpiomover,15
scrambledhelix,29
sdric,11
seanflyon,27
seattleseahawks2014,37
see-you-every-day,12
seedoilbaths,63
semideclared,77
sendenten,10
serene_brutality,21
sereniteenoww,10
serial_teamkiller,10
serravee,10
settleslugger,12
sh00l33,42
sh1tpost1nsh1t,11
shadesofnavy,18
shadofx,18
shammy_dammy,10
shamrock01,12
sharkbomb,13
sheds_and_shelters,15
shelwood46,37
shiggyhisdiggy,22
shitposts_over_9000,106
shivux,25
shoesofwandering,16
shouldco,55
shrug_addict,10
shugEOuterspace,10
shumpitostick,14
siberianmi,25
silence9,13
silverionmox,145
silverpixie2435,27
simcity4000,12
similar_name4489,13
sincsinckp,35
sir_mrej,33
sirswantepalm,45
sirthunksalot,13
sisnitermagus,10
sjplep,10
skdeelk,22
skyfishgoo,34
slackerchic,21
slayer_of_idiots,113
slicerprime,14
sllewgh,147
slo1111,14
slowowl1984,20
sluuuurp,16
slypool,10
slyrent,10
smartcow360,15
smbpy7,75
smol9749been,16
snotick,18
snrup1,11
soapinmouth,11
socialistrob,36
soldiergeneal,65
solid_reign,35
some1saveusnow,18
someofyourbeeswaxx,12
sophisticaden_,14
sourcreamus,31
space_cult,21
space_force_majeure,11
space_monster,11
spacegamer2000,13
spam__likely,24
specialkk77,12
spectrehauntingeuro,21
speedingpullet,23
speedyjohn,20
spicy-chull,14
spicymemesdotcom,31
spid3rham90,34
spinbutton,24
spiteful-vengeance,21
splurtgorgle,19
spongue,12
spyrielles,18
squigs,13
squirlnutz,12
sreno77,13
steponmedaddies,38
stereofailure,16
stevie-antelope,32
stewmander,26
stewshi,13
stex85,20
stiletto929,10
stiljo24,10
stinkywrinkly,23
stockinheritance,60
stoneimp,18
stopbsingman,23
stormy2587,11
straightcashhomey29,16
strikerdude10,23
stringbeagle,10
stripedvitamin,14
strongerthenbefore20,11
stroppo,10
subduedReality,12
suitupyo,19
sullythered,25
sumit24021990,42
sumoraiden,30
sunfishtommy,18
sunlightanddoghair,10
sunny_suburbia,22
sunshine_is_hot,105
superskink,13
superswellcewlguy,10
surfryhder,10
sustainthenoise,10
swagonflyyyy,47
swallowmoths,13
swillshop,35
sxaez,22
t234k,28
ta0029271,15
ta_mataia,32
taeerom,26
talashrrg,11
taliaf1312,11
tanatan88,11
tanglekelp,11
tarahlynn,15
tastefulmalesideboob,26
tbdabbholm,11
tbombs23,13
tboy160,11
tcdaf7929,44
tdifen,10
teateawea,15
teenageIbibioboy,10
teflondung,21
tehzayay,11
teilani_a,21
telefawx,20
temujin321,20
temujin94,16
tenfolddamage,19
terminator3456,15
terrika_has_spoken,20
testtest867,12
tf2coconut,11
thatVisitingHasher,12
that_husk_buster,12
thatnameagain,28
thatoneguy54,19
thatrandomuser1,20
thatthatguy,15
thatvampigoddess,10
theAltRightCornholio,27
the_1st_inductionist,65
the_LLCoolJoe,12
the_brightest_prize,31
the_buddhaverse,16
the_calibre_cat,106
the_original_Retro,10
thebossmin,31
thebottomblocks,22
thechaoticstorm,27
thechipperhalf,11
thedamnoftinkers,10
thedorknightreturns,26
thefrozenflame21,19
thegarymarshall,35
thegeniuswhore,32
thegreatherper,28
theguy_12345,10
thelaceonmolagsballs,10
thelastvortigaunt,12
thelovelykyle,11
themcos,72
thenexttimebandit,10
thenord321,23
theresourcefulKman,20
theroha,29
thesestormyseas,10
thewerdy,11
thewoodsiswatching,13
theyfellforthedecoy,58
thfemaleofthespecies,11
thinsoldier,26
thisisstupid0099,16
throw-away-doh,23
throwawayaway388,12
throwawaytalks25,154
tidalbeing,27
timeless1991,25
tinyhermione,26
tinylemon128,11
tittyswan,22
tjboss,10
tlopez14,20
tnrdmn,11
todudeornote,17
toolateforfate,10
toomanyshoeshelp,39
toothychicken,10
top0impact,38
torytho,29
tosser1579,43
tosser9212,19
totally-hoomon,10
traanquil,19
trabajoderoger,25
trace349,25
traumfisch,22
trevor32192,97
trickmirrorball,22
trollcitybandit,17
trolletariat69,20
troycalm,13
trthorson,11
trullaDE,21
truthovertribe,57
tsisdead,17
ttown2011,177
ttw81,13
ttystikk,14
turbografx_64,16
turboprancer,11
turtleduck,23
uTop-Artichoke5020,25
uber_neutrino,10
ucotcvyvov,19
uisce_beatha1,18
ultradav24,51
umbren,20
unbelizeable1,30
unitedshoes,20
unknownpoltroon,19
unlimitedzen,18
unnecessaryaussie83,13
unordinarilyboring,31
unsafeideas,33
unscanable,59
upfastcurier,10
uptokesforall,17
urnever2old2change,29
urquhartloch,48
username_6916,16
username_blex,26
username_redacted,10
ute-ensil,13
utriptmybitchswitch,10
uttersolitude,10
vampiregamingYT,17
vanastalem,10
vankorgan,28
vbob99,16
veartchess,11
ven_geci,21
venuswasaflytrap,28
vesselofwords,13
vettewiz,61
vht3036imo,24
viaJormungandr,24
vintage2019,16
vollover,10
vote4bort,78
vreel_,11
vsv2021,21
vuzz33,37
vvalkyri3,10
waldleben,13
walkinwater,31
walletinsurance,11
warmwaterpenguin,11
wasabiiii,10
washingtonu,11
watain218,10
way2lazy2care,39
wayward_painter,12
we-vs-us,10
wecouldhaveitsogood,11
wedgebert,16
weealex,15
weedywet,18
weirdoimmunity,49
welcome_universe,10
wellwisher-1,40
wereallbozos,11
werewulf35,13
wetshatz,37
wha-haa,47
whater39,71
whatsitallabout999,10
wheres_my_hat,22
whipsmartmcoy,11
whiskerrsss,10
whiskey_piker,14
whomda,10
whoreallycarz,16
whorl-,15
wibbly-water,38
wickybasket,10
wildfirerain,11
willowdove01,10
windershinwishes,14
wingsnut25,18
wingspantt,13
wip30ut,18
wiseduckling,11
woailyx,31
wolacouska,12
writinwater,13
wtfgrancrestwar,16
wulfgar_beornegar,35
wydileie,39
xChops,14
xFblthpx,11
xXdontshootmeXx,11
xXxdethl0rdxXx,20
xamxes,11
xboxhaxorz,10
xeere,17
xena_lawless,21
xfvh,32
xhevnobski,30
xienwolf,28
xtra819,26
xvpawel,10
xwhyterabbitx,12
xxconkriete,27
y0da1927,26
yIdontunderstand,10
yaboichurro11,25
yankeeboy1865,13
yawannauwanna,14
yeahmanbombclaut,15
yelbesed,10
yellowhatb,12
ygmc8413,57
yo2sense,28
yogfthagen,15
yoshi8869,32
yosisoy,11
youcantexterminateme,10
yourlittlebirdie,11
youwillbechallenged,26
yyzjertl,126
zackks,10
zacsxe,12
zaoldyeck,178
zaplayer20,11
zayelion,41
zealot_ratio,17
zeeelfprince,14
zeussays,12
zomanda,10
zonearc,12
zookeepier,16
zxxQQz,24
zyrkseas97,14
